:020000040800F2
:10000000600101201D0300084DAD00083584000883
:10001000ADA90008B121000881DE00080000000041
:10002000000000000000000000000000E5C900081A
:10003000E92700080000000089C60008EDCE00088E
:1000400037030008370300083703000837030008A8
:100050003703000837030008370300083703000898
:10006000370300083703000837030008D9210008C8
:1000700037030008E92100083703000837030008A8
:10008000F921000837030008370300083703000888
:100090003703000837030008370300083703000858
:1000A0003703000837030008370300083703000848
:1000B0004DD0000837030008370300083703000855
:1000C00037030008398400083703000837030008A5
:1000D00037030008B5DA0008C5DA0008370300085E
:1000E0003703000837030008370300083703000808
:1000F0003703000837030008370300080922000807
:1001000037030008370300083703000837030008E7
:10011000BDD30008CDD3000837030008370300081B
:1001200037030008192200082922000837030008B5
:1001300037030008370300083703000837030008B7
:1001400037030008370300083703000837030008A7
:10015000370300083703000837030008D5DA000822
:100160003703000837030008370300083703000887
:1001700037030008370300083703000800000000B9
:10018000370300083703000800F002F800F0B6F863
:100190000AA090E8000C82448344AAF10107DA45E2
:1001A00001D100F0ABF8AFF2090EBAE80F0013F07E
:1001B000010F18BFFB1A43F001031847D0250100B7
:1001C000F025010010F8013B0A4413F0030408BFB6
:1001D00010F8014B1D1108BF10F8015B641E05D01B
:1001E00010F8016B641E01F8016BF9D1002D15D0D8
:1001F00010F8014B03F00C030C2BA1EB04040ABF15
:1002000010F8013BA4EB8314A4EB032405F10103D4
:1002100014F8016B5B1E01F8016BF9D5914238BFF0
:1002200010F8013BD1D3704700230024002500269D
:10023000103A28BF78C1FBD8520728BF30C148BF49
:100240000B6070476E2900F0D382702900F01D8486
:10025000662910F07684652910F07384672910F000
:100260007084612910F06F8403681B0A28BF41F075
:100270008001692900F08082642900F07D8275295F
:1002800000F07A826F2900F0AA83782900F0E983D0
:10029000E92900F04583E42900F04283F52900F0C4
:1002A0003F83EF2900F0A783F82900F0E883036873
:1002B000DB0928BF41F08001632901F0EF80732939
:1002C00001F0F480E32901F0FF80F32901F00481BB
:1002D000002070471FB510F02AFC01F053F904000C
:1002E000002000210FF0F0FE401C60600020002183
:1002F0000FF0D4FEE0601FBD10B510BD01F014F981
:100300001146FFF7E7FF0FF0BDF801F0F1F903B474
:10031000FFF7F2FF03BC01F035FA000009488047FF
:1003200009480047FEE7FEE7FEE7FEE7FEE7FEE7D7
:10033000FEE7FEE7FEE7FEE704480549054A064BEF
:1003400070470000ADCF00088901000860DF002081
:100350006001012060F1002060F1002053EA020CEE
:1003600000F069802DE9F04B4FF00006002B1FBF15
:10037000B3FA83F503FA05F424FA05F65E4012BFDA
:100380001643B2FA82F502FA05F4C5F120051EBF44
:1003900022FA05FC44EA0C04203556EA044C4FEAE4
:1003A000144418BF641C4FF000084FF0000990423D
:1003B00071EB030C39D3002919BFB1FA81F701FAA7
:1003C00007F6B0FA80F700FA07F6C7F120071EBF5C
:1003D00020FA07FC46EA0C062037B6FBF4FCA7EB34
:1003E0000507103F07F01F0BCBF120060CFA0BFBA3
:1003F0002CFA06F644BFB3460026202FA4BF5E4663
:100400004FF0000B5BEA060C08BF4FF0010B19EB35
:100410000B09ABFB027C48EB0608C01B06FB02CCB9
:100420000BFB03CC71EB0C01C1E70B4602464146C6
:100430004846BDE8F08B13B54FF000004FF00001C7
:10044000AFF30080BDE81C40704700007CB51D463E
:1004500016460C00009001D02044401E074B7B4400
:100460002A4669460190304600F0DBF905461CB18A
:100470000020694600F0E8F928467CBDF103000041
:1004800040EA010310B59B070FD1042A0DD310C811
:1004900008C9121F9C42F8D020BA19BA884201D963
:1004A000012010BD4FF0FF3010BD1AB1D30703D0AB
:1004B000521C07E0002010BD10F8013B11F8014B61
:1004C0001B1B07D110F8013B11F8014B1B1B01D17D
:1004D000921EF1D1184610BD10B5431C02E010F871
:1004E000011B71B18107FAD14FF0013202C88C1A99
:1004F0008C4314EAC211F9D0C01A0A0603D0C01EF8
:1005000010BDC01A10BD0A0401D0801E10BD090222
:10051000FCD0401E10BD032A40F2308010F0030CC6
:1005200000F0158011F8013BBCF1020F624498BF46
:1005300011F801CB00F8013B38BF11F8013BA2F1E3
:10054000040298BF00F801CB38BF00F8013B11F05E
:10055000030300F02580083AC0F0088051F8043BFE
:10056000083A51F804CBA0E80810F5E7121D5CBF6B
:1005700051F8043B40F8043BAFF30080D20724BF9E
:1005800011F8013B11F801CB48BF11F8012B24BF32
:1005900000F8013B00F801CB48BF00F8012B704781
:1005A00010B5203AC0F00B80B1E81850203AA0E80E
:1005B0001850B1E81850A0E81850BFF4F5AF5FEA42
:1005C000027C24BFB1E81850A0E8185044BF18C9F5
:1005D00018C0BDE810405FEA827C24BF51F8043B9C
:1005E00040F8043B08BF7047D20728BF31F8023BF0
:1005F00048BF11F8012B28BF20F8023B48BF00F884
:10060000012B70474FF000020429C0F0128010F057
:10061000030C00F01B80CCF1040CBCF1020F18BFDE
:1006200000F8012BA8BF20F8022BA1EB0C0100F071
:100630000DB85FEAC17C24BF00F8012B00F8012B44
:1006400048BF00F8012B70474FF0000200B5134679
:1006500094469646203922BFA0E80C50A0E80C50E2
:10066000B1F12001BFF4F7AF090728BFA0E80C5093
:1006700048BF0CC05DF804EB890028BF40F8042B8C
:1006800008BF704748BF20F8022B11F0804F18BFF9
:1006900000F8012B704770477047704710B500F0A5
:1006A000C3FA006810BD10B5044600F0BDFA04603E
:1006B00010BD70B5044685690068C10601D53026B5
:1006C00000E02026C00707D070BDD4E901213046E4
:1006D0009047206A401C20626D1EF6D570BD70B533
:1006E000044685690078C00707D170BDD4E90121AF
:1006F00020209047206A401C20626D1EF6D570BDF8
:1007000009684A0501D540B27047C905FCD500B259
:10071000704709684A0501D5C0B27047C905FCD5C4
:1007200080B2704770B50C460546012A05D028787E
:10073000800600D5EA69002302E0012305E05B1C86
:10074000934202D2E05C0028F9D1A869E618C01AE9
:10075000A861286A184428622846FFF7AAFF04E027
:10076000D5E9012114F8010B9047B442F8D328468B
:10077000FFF7B5FF70BD00002DE9F04106460024EB
:1007800010687529314616A510D0FFF7B9FF00286B
:1007900002DA404213A507E031688A0701D512A5A5
:1007A00002E0490704D511A5012401E0FFF7B1FFDC
:1007B00000210A2206F1240709E0B0FBF2FCB0FB9D
:1007C000F2F302FB1C00303078541846491C002814
:1007D000F3D123462A463046BDE8F04100F06DBA19
:1007E000000000002D0000002B0000002000000091
:1007F00011680268006A530501D508700AE0D30544
:1008000001D5088006E0130603D5C217C1E900022E
:1008100000E008600120704701694A1C0261087805
:10082000704700B58FB0CDE9013100210591054930
:100830007944CDE903101146684600F031F90FB054
:1008400000BD0000E5FFFFFF0A6802F8010B0A6027
:100850007047D1E900239A4202D2531C0B601070FA
:10086000704700002DE9FF5F15468A460446DFF811
:10087000AC80F8440027D8E900103E46CDE90010CE
:1008800010E03AF816106A4602A800F029FE411C52
:1008900007D02178890603D5E269391891420DD82D
:1008A0000744761C2078800602D5E069B84205DD51
:1008B000AE42E6DB3AF816000028E2D1A069C01B80
:1008C000A0612046FFF7F5FED8E90010CDE9001041
:1008D000002017E03AF818106A4602A800F000FE5F
:1008E000B0F1FF3F81460BD000250DF1080B05E06C
:1008F000D4E901211BF8050090476D1C4D45F7D345
:1009000008F10100B0428046E4DB206A38442062EE
:100910002046FFF7E4FEBDE8FF9F0000E61D010052
:100920002DE9F0418046D21D22F007020025D2E9D0
:100930000002F52915A614D0011E72F1000106DA95
:100940000023D0EB030063EB020211A608E0D8F805
:1009500000108B0701D50FA602E0490701D50EA6AE
:1009600001251146002408F1240704E000F060F995
:1009700030323A55641C50EA0102F7D12B46324618
:1009800021464046BDE8F04100F097B90000000064
:100990002D0000002B0000002000000030B40021DA
:1009A00000F1240408E002F00705D208303542EADD
:1009B0004372DB086554491C52EA0305F3D104680D
:1009C000002310A2250707D5A40600D421B1C469CD
:1009D00001230DA2641EC46130BC00F06EB910B5D5
:1009E000044621461068FFF794FE02462046BDE803
:1009F00010400023D2E7D21D22F00701D1E90023E5
:100A0000CCE700000000000030000000F0B40D460C
:100A10000188090502D5214C7C4402E01F4C7C442E
:100A20000E34002100F1240608E002F00F0712093D
:100A3000E75D42EA03721B097754491C52EA030737
:100A4000F3D102780023120704D5702D06D009B126
:100A5000022311342246F0BC00F02FB901231034D8
:100A6000F8E770B504460D4621461068FFF751FEC1
:100A7000024629462046BDE870400023C6E7D21D45
:100A800022F00703D3E90023C0E70368126843F0AC
:100A9000200303600823C3610023B7E7481C01005B
:100AA0002DE9F05F894604464FF0000ADFF874B183
:100AB000FB44C0F820A02046E1688847002874D095
:100AC000252806D0D4E901219047206A401C2062E5
:100AD000F1E700265F462046E16888472028054662
:100AE00007DB312D05D2781910F8200C08B1064328
:100AF000F1E7B00701D526F00406C4F81CA00027D2
:100B0000C4F818A02A2D09D028460DF063FE38B38A
:100B100004EB8708303DC8F8185019E059F8041B59
:100B2000204604EB87029161E1688847012F054662
:100B300018D1E069002820DA26F020061DE0D8F858
:100B4000180000EB800005EB40003038C8F81800B2
:100B50002046E168884705460DF03CFE0028EED1AE
:100B6000012F0AD02E2D08D12046E16888477F1C2E
:100B70000546022F46F02006C4DBA069002803DAF0
:100B8000404246F00106A061F00701D026F01006B1
:100B90006C2D0BD0682D09D04C2D39D06A2D35D055
:100BA000742D35D07A2D33D016E038E0E1682F4629
:100BB00020468847B842054609D16C2F26D04FF40D
:100BC0008060E168064320468847054604E06C2FB4
:100BD0001AD04FF4807006430DB3A5F141001928D7
:100BE00002D8203546F400664A462946204626604B
:100BF0004E46FFF727FB80B101280BD0F61D26F0EB
:100C0000070000F1080956E74020E4E78020D8E714
:100C10000020D6E706F104094DE7284652E7206A8E
:100C2000BDE8F09FD81B010000487047FCDE0020A3
:100C300030B5B0F10A024FEA900E71F100034EEAAE
:100C4000817EB0EB0E0061EB91014FEA101E4EEA7F
:100C5000017E10EB0E0041EB11114FEA102E4EEA0F
:100C6000016E10EB0E0041EB11214FEA104E4EEADF
:100C7000014E10EB0E0041EB1141401841F1000113
:100C80004FEAD00040EA41704FEAD10110EB8005F5
:100C90004FEA810444EA907444EB01046D1944EB7B
:100CA0000404521BA3414FF0000348BF0A3200D591
:100CB00030BD401C41F1000130BD2DE9F0470D462B
:100CC00099469246044600F124080168880604D536
:100CD000E06921F01001216000E00120A84201DD5F
:100CE000471B00E00027A1697A1902EB0900081AE6
:100CF000A0612078C00602D42046FFF7DAFC002667
:100D000008E0D4E901211AF806009047206A401C47
:100D1000761C20624E45F4DB2078C0060AD52046BA
:100D2000FFF7C7FC06E0D4E9012130209047206A94
:100D3000401C2062381EA7F10107F4DC07E0D4E96B
:100D4000012118F805009047206A401C2062281EE7
:100D5000A5F10105F3DC2046FFF7C1FC2078000671
:100D600002D50220BDE8F0870120FBE770472DE99E
:100D7000FF4F0C461E464FF0FF378BB0D2E9000103
:100D8000DDF860800A908A46C1F30A5505B93D46F0
:100D9000002108464FF00000BAF1000F00F44000B7
:100DA00005DA00EB80004FF4400101EA50004FEA01
:100DB0009059B9F1010F00DDB9460A9850EA4A008E
:100DC0000ED044F61050A5F2FF3545432F14B8F16C
:100DD000000F1ED07542291E1EDDC9F100021CE065
:100DE000B8F1010F4FF0000001D0302103E0F243D1
:100DF00005E02154401CB042FBDB304600220021BC
:100E000021540B99C1F80880C1E900200FB0BDE85A
:100E1000F08FBD1B6D1CDEE74A4600DA694206A86A
:100E200000F0F4FB06AB93E8070003AB83E8070090
:100E300050460A9900F0ADFC8DE80700A0F500507F
:100E40001F3800900398002D0ADD42F21F014A4628
:100E50000844002303A90390684600F016FF09E048
:100E6000A0F500504A461F38002303A903906846A6
:100E700000F020FF8DE807000004000C03D04FF0C5
:100E8000FF30410800E01046B8F1000F03D0002207
:100E9000009215461EE0751E05D4FFF7C9FE3032DC
:100EA00062556D1EF9D5B3460122084302D00022D7
:100EB0007F1C04E02078302801D100227F1E002A08
:100EC000099784D01DE0112D07DAFFF7B1FE30320B
:100ED00062556D1C50EA0102F5D1084302D000981A
:100EE000C8B10EE00021681E05E0235C625C63541B
:100EF0002254401E491C8142F7DBAB46A81B401E12
:100F00000990002004F80B000B98099AC0F808809B
:100F1000C0E9002B7AE711264FF0000857E72DE9CA
:100F2000F04F88460446D21D22F0070191B0D1E966
:100F30000001CDE90A010CF0C2FF02460B98C00F78
:100F400001D02D2007E02068810701D52B2002E089
:100F5000202101EAC000032A099001D0072A05DBFD
:100F600003464146204600F011FB0BE12078800645
:100F700001D5E06900E00620B8F1650F814606D092
:100F8000B8F1660F18D0B8F1670F70D131E00020CA
:100F9000B9F1110F009001DB112301E009F1010308
:100FA0000AAA01A90CA8FFF7E2FEDDE90C700026F1
:100FB00009F10105834647E001204B4600904FF0C0
:100FC00000470AAA01A90CA8FFF7D1FEDDE90DB080
:100FD0000C995D46002610B909F101000D18B9EB16
:100FE000050003D4C0F1FF3609F10105A5EB0900A6
:100FF0002BE0B9F1010F01DA4FF001090020B9F13E
:10100000110F0090484601DD112300E003460AAAB3
:1010100001A90CA8FFF7ABFEDDE90C704D460026D8
:101020008346207800070AD4AB4500DA5D4601A864
:10103000012D04DD411911F8011C302907D04F455D
:1010400002DA17F1040F04DA012082460FE06D1E68
:10105000EEE7002F02DCED1B3E4403E0781CA842C3
:1010600000DD7D1CB81B00F1010A4FF0004720781D
:10107000000703D4AA4501DB4FF0FF3A0021B7F186
:10108000004F0DF143088DF8431024D002202B238C
:10109000002F01DA7F422D230A21021EA0F1010058
:1010A00000DC5FB197FBF1FC97FBF1F201FB1C7CCC
:1010B00017460CF1300C08F801CDEEE7A8F101005D
:1010C00003702188090501D5452100E06521A0F1C3
:1010D000010800F8011C09980FA9A1EB0807FF1DE2
:1010E00000B10120411901EBEA70A1693844081AE6
:1010F000401EA0612078C00602D42046FFF7D9FA2E
:10110000099828B1D4E901219047206A401C206247
:101110002078C00622D52046FFF7CBFA1EE0002E2D
:1011200004DBB34502DD01A8805D00E03020D4E996
:1011300001219047206A401C2062761CAAF1010020
:101140005FEA000A0AD100F01DFAC0680168405C3D
:10115000D4E901219047206A401C2062281EA5F195
:101160000105DCDC07E0D4E9012118F8010B904708
:10117000206A401C2062381EA7F10107F3DC2046DC
:10118000FFF7ADFA032011B041E600002DE9F04F62
:1011900004460D46D21D22F0070089B0D0E9009721
:1011A000484639460CF08BFE0246F80F01D02D233D
:1011B00007E02068810701D52B2302E0202101EA06
:1011C000C0038DF820300BB1012000E00020032A7D
:1011D000824601D0072A04DB2946204600F0D6F9D2
:1011E0003FE12078800601D40D2500E0E569C7F3D2
:1011F0000A560D2D49DA00214FEA175B08464FF0D9
:101200000000002F00F4400007DA00EB80004FF4EC
:10121000400100EBD07001EA60008115012901DD79
:101220004FF0FF3100224FEA850CBCF1180F06D3B6
:101230001346ACF118004FF08052C24003E04FF467
:10124000801323FA0CF30CF10C0CBCF1200F04D327
:10125000ACF1200C09FA0CF001E007FA0CF00029BF
:101260004FF0004801DD18B90FE00ED140450CD316
:1012700019EB02095F4121B9404502D19F4329EA98
:101280000209BBEB175F00D0761C2088000502D551
:101290007B48784402E07A487844193808AA302319
:1012A00002F80A30037C0AF10101002E0AF1020A59
:1012B00053546A4602DC4FF0300101E04FF0310137
:1012C0004FF001088DF8001002D0A6F2FF3603E0BF
:1012D00059EA470100D06B4E002D02DC2178090746
:1012E00004D54FF002082E218DF80110C4460021CC
:1012F0000BE0C7F303433F01C35C491C6D1E02F8BA
:101300000830052908F1010801DA002DF1DC00217F
:101310000CE000EB1973491C1B786D1E082902F8BC
:1013200008304FEA091908F1010801DA002DF0DC54
:1013300021688B0602D516E0A8F10108E04505DD1D
:1013400002EB080313F8013C302BF5D0B8F1000F85
:1013500009DD02EB080313F8013C2E2B03D109072A
:1013600001D4A8F10108002D05DD3E2102F8081086
:101370006D1E08F10108407C002E02F8080008F1FB
:10138000010804DA2D20764202F8080002E02B2042
:1013900002F808000A214FF47A70864208F1010829
:1013A0000BDB96FBF0F3303302F8083096FBF0F3DA
:1013B00008F1010800FB136601E0642E0CDB6420D9
:1013C00096FBF0F3303302F8083096FBF0F308F1A7
:1013D000010800FB136601E00A2E06DB96FBF1F024
:1013E000303002F8080008F1010896FBF1F001FB2B
:1013F0001060303002F80800A16908F1010808EB1C
:10140000050202EB0A00081AA0612078C00602D487
:101410002046FFF74EF9216A08AE01EB0A00206270
:1014200004E0D4E9012116F8010B9047BAF1010A52
:10143000F7D22078C00602D52046FFF73AF96E466B
:1014400009E016F8010B3E280FD0D4E9012190479E
:10145000206A401C2062B8F10108F2D22046FFF752
:101460003EF909B00320BDE8F08F206A28442062CD
:1014700003E0D4E90121302090476D1EEBD3F8E75B
:101480003D14010002FCFFFF10B5436913B1AFF337
:10149000008001E0FFF746F9012010BD127800F14D
:1014A00024010A7000224A700122EDE711684FF012
:1014B000FF32E9E710B5436913B1AFF3008001E0F3
:1014C000FFF7D0F9012010BD128800F124018284B9
:1014D0000022C2840122EDE711684FF0FF32E9E7F4
:1014E00070B516460C46054600F044F8036893F8BC
:1014F0000101012806D0FF2C0FD8185D68B101202A
:101500002C7070BDD3F807013246214603F2071351
:1015100003442846BDE8704018474FF0FF3070BDC7
:1015200000487047FCDE00207546FFF7F9FFAE4625
:1015300005006946534620F00700854618B020B5DF
:10154000FEF7FAFEBDE820404FF000064FF000071E
:101550004FF000084FF0000B21F00701AC46ACE85B
:10156000C009ACE8C009ACE8C009ACE8C0098D46C8
:101570007047000010B500F005F8001D10BD00BF59
:1015800049EB0000004870471CDF00202DE9F041C6
:101590001F46044603260168072A01F4006004DBA5
:1015A00008B116A505E016A503E008B115A500E0F1
:1015B00015A521F010002060A069C01EA0610FB128
:1015C000401EA0612046FFF774F84FB1D4E9012115
:1015D00038469047206A401C2062C01C206206E00A
:1015E000206AFAE7D4E9012115F8010B9047761E2D
:1015F000F8D22046FFF773F8BDE8F0814E414E0067
:101600006E616E00494E4600696E66002DE9F04736
:10161000814616468AB0354878440DC88DE80D00DD
:1016200032487844801C03AC0DC884E80D0041F6B4
:101630009B300844372190FBF1F290FBF1F5A5F1C6
:10164000800501FB12041B3C02D56442012000E02E
:101650000020DFF898A080460027FA44AAF1BE0ACD
:101660000EE0E0070AD03246684607EB4701012347
:101670000AEB810100F01EFB8DE8070064107F1C5F
:10168000002CEED1194F7F44AE3F19E0E80715D08A
:1016900007EB04100DF1180A90E80E008AE80E001E
:1016A000C068F04201D1981908903246012306A97A
:1016B00003A800F0FFFA03AB83E807006D10641C79
:1016C000002DE3D14FF0010332466946B8F1000F17
:1016D00003A802D000F0D9FA01E000F0EBFAC9E962
:1016E0000001C9F808200AB0BDE8F08748110100E0
:1016F00010B50446AFF300802046BDE81040FEF769
:1017000006BE00004FF0013C50F8042B51F8043B9A
:101710009A4221D1A2EB0C03934313EACC1317D1C5
:1017200050F8042B51F8043B9A4215D1A2EB0C035C
:10173000934313EACC130BD150F8042B51F8043B1C
:101740009A4209D1A2EB0C03934313EACC13DBD0EA
:101750004FF00000704700BFD01A01BAB1FA81F112
:1017600001F0180122FA01F0CB40C1F12001DBB2F7
:10177000C0B2C01A2CFA01F3D11A914311EAC31175
:10178000E6D1704701491820ABBEFEE726000200F3
:1017900070475FEA400C08BF91F0000F4FEA8C23BE
:1017A0004FEAC12243EA51514FEA1C5018BF00F5DD
:1017B000F0404FEA300018BF41F000415FEA6C5C36
:1017C00000F02980BCF1FF3F08BF40F08040704727
:1017D000130C06BF12044FF0100C4FF0000C130E48
:1017E00004BF12020CF1080C130F04BF12010CF11C
:1017F000040C930F04BF92000CF1020CD30F04BF32
:1018000052000CF1010C11464FF00002A0F11F0034
:10181000A0EB0C00704711F0004F08BF704731F08B
:1018200000413FF4D5AF0B0C06BF09044FF0100C7C
:101830004FF0000C0B0E04BF09020CF1080C0B0F4B
:1018400004BF09010CF1040C8B0F04BF89000CF1DB
:10185000020CCB0F04BF49000CF1010CCCF12003AA
:10186000A0EB0C0022FA03F302FA0CF241EA0301A6
:1018700000F10100704720F07F4C80EA030023F064
:101880007F47ACEB070303F57C5300F0004003F106
:10189000FF032DE980494FEA154B09B44FEA144381
:1018A00025EA0B4E24EA03480FF2042606EB132721
:1018B00049083E785FEA320203FB0667C7F5000776
:1018C00007FB06F64FEA54374FEAD64606F1020602
:1018D00007FB066CCCF1005C4FEA1C472CEA074C76
:1018E00007FB06F40CFB06F504EB15464FEA9616CB
:1018F00034BF00204FF000404FEAD13706FB07FC11
:101900004FEA1C4C0CFB0BF7D21B03FB0CF761EBF3
:1019100007010CFB0EF7B0EB074072EB17420CFB14
:1019200008F734BFA2EB0742B2EB074261EB174165
:101930004FEA0C444FEA910706FB07FC4FEA1C4CA8
:101940000CFB0BF7B0EBC74072EB573203FB0CF705
:1019500034BFA2EBC742B2EBC74261EB57310CFB7D
:101960000EF7B0EBC70072EB57720CFB08F734BFF1
:10197000A2EBC702B2EBC70261EB5771039F4FEABC
:10198000816141EA921104EBCC044FEAD1374FEA6E
:10199000826206FB07FC42EA90124FEA80604FEA3F
:1019A0001C4C0CFB0BF7D21B03FB0CF761EB070184
:1019B0000CFB0EF7B0EB074072EB17420CFB08F77D
:1019C00034BFA2EB0742B2EB074261EB17414FEA8B
:1019D0008C554FEA910704EB9C2406FB07FC4FEA69
:1019E0001C4C0CFB0BF7B0EBC74072EB573203FB00
:1019F0000CF734BFA2EBC742B2EBC74261EB5731E1
:101A00000CFB0EF7B0EBC70072EB57720CFB08F73C
:101A100034BFA2EBC702B2EBC70261EB577115EB03
:101A20004C254FEA816141EA92114FEA82624FEA06
:101A3000D13742EA901206FB07FC44F100044FEA5A
:101A400080604FEA1C4C0CFB0BF7D21B03FB0CF71E
:101A500061EB07010CFB0EF7B0EB074072EB17428E
:101A60000CFB08F734BFA2EB0742B2EB074261EB75
:101A7000174115EB1C154FEA813141EA92414FEABB
:101A8000823242EA90424FEA80304FEA0C7644F1CB
:101A9000000448EA03434EEA0B484FF0000EB2EB55
:101AA000080C71EB030724BF624639464EEB0E0E5D
:101AB0004FF0000B0018524149414BEB0B0BB2EBBE
:101AC000080C71EB03077BF1000B24BF624639461B
:101AD0004EEB0E0E4FF0000B0018524149414BEBFC
:101AE0000B0BB2EB080C71EB03077BF1000B24BF6F
:101AF000624639464EEB0E0E51EA020718BF46F019
:101B0000010616EB0E7655F1000254F1000103D5E3
:101B1000BDE88901BDE80088BDE88901BDE800484D
:101B2000B619524141EB0101A3F1010370478080D6
:101B30007F7E7D7C7B7A7978777676757473727127
:101B400071706F6E6E6D6C6C6B6A6A6968686766DF
:101B500066656464636362616160605F5F5E5E5D71
:101B60005D5C5C5B5B5A5A595958585757565655E5
:101B700055555454535352525251515050504F4F47
:101B80004F4E4E4D4D4D4C4C4C4B4B4B4A4A4A4997
:101B900049494848484747474746464645454544DA
:101BA0004444444343434342424242414141002B67
:101BB0009C4630D477002BD01CB54FEA370703B4CE
:101BC0004FF010004FF01001BAF1000F06D0BCF139
:101BD000000FDCBF40F0080040F008014FF00000AB
:101BE0000FBCBDE810400BF1010BBBF1010F08BFAA
:101BF0005FEA170722BF12F1010211F101014FF054
:101C0000004143F1000300F0004043EA0000704748
:101C1000F9D35708D0E746EA064613F1400F4FEADA
:101C200016461FDD13F1200FDFBF16430A460021C1
:101C300020335B42BED0C3F1200746EA064602FAD3
:101C400007F74FEA164646EA0706C3F1200722FACD
:101C500003F201FA07F721FA03F14FF0000342EA19
:101C60000702A7E746EA020646EA06464FEA164694
:101C700046EA0106BCBF46EA0646360C4FF00003B2
:101C80004FF000024FF0000194E72DE9804C9A4696
:101C9000934670B491E8380007C831EA400C48BF59
:101CA00034EA430C03D5FFF7E6FDFFF780FFF0BCF5
:101CB000BDE8008C2DE9804C9A46934670B491E8BB
:101CC000380007C810F0804F08BF13F0804F03D1D1
:101CD00000F005F8FFF76BFFF0BCBDE8008C20F0CA
:101CE0007F4780EA030023F07F4C07EB0C03A3F54A
:101CF0007C5300F00040A3F1FE0392F0000F00F0CF
:101D0000B38095F0000F00F077802DE901494FEA8C
:101D100011404FEA144621EA004800FB06FC24EA81
:101D2000064708FB06F607FB08F800FB07F718EB69
:101D300006484CEB164C4FEA124B18EB07484FEA9B
:101D400015464CEB174022EA0B4E0BFB06FC25EA2E
:101D500006470EFB06F607FB0EFE0BFB07F71EEB16
:101D6000064E4CEB164C4FF000061EEB074E4CEBAC
:101D7000174B18EB0B0840F1000018EB0E0B58EB5B
:101D8000000840F100008F1A4FF000013CBFC9432A
:101D9000661B14BFB5EB040C00213CBFC943F61B06
:101DA0004FEA17444EEA8E0E27EA04454FEA1C47D5
:101DB00004FB07622CEA074C05FB07F70CFB05F652
:101DC00004FB0CFC16EB074642EB174216EB0C46E5
:101DD00042EB1C421BEB060658EB0202414146EA6D
:101DE0009E0601D5BDE80189B619524141EB0101BA
:101DF000A3F10103BDE801894FEA14454FEA1147F9
:101E000024EA054621EA074C05FB07F406FB07F721
:101E10000CFB06F105FB0CFC11EB074144EB1744EE
:101E20004FEA124711EB0C4144EB1C4422EA074CE9
:101E300005FB07F206FB07F70CFB06F605FB0CFC9F
:101E400016EB074642EB174216EB0C4642EB1C45DD
:101E50006A1854F1000148BF7047B619524141EB6E
:101E60000101A3F10103704795F0000F37D04FEA4D
:101E700011424FEA144721EA024624EA074C02FBCA
:101E800007F106FB07F70CFB06F402FB0CFC14EB56
:101E9000074441EB17414FEA154714EB0C4441EB63
:101EA0001C4125EA074C02FB07F506FB07F70CFB74
:101EB00006F602FB0CFC16EB074645EB174516EB46
:101EC0000C4645EB1C42121951F1000148BF704706
:101ED000B619524141EB0101A3F1010370474FEAEA
:101EE00014454FEA114724EA054621EA074C05FB51
:101EF00007F106FB07F70CFB06F24FF0000605FBA7
:101F00000CFC12EB074241EB174112EB0C4251EB78
:101F10001C4148BF7047921841EB0101A3F1010336
:101F2000704770B505460024281D00F051F804469E
:101F30001CB928460AF0D8FE0446204670BD0000B1
:101F40001CB5BE2001904FF6FF70012301AA70213D
:101F50000090024803F03CF91CBD0000B4B300201F
:101F600070B5032403251AE00325282002F0ACFCF9
:101F700007E0012002F0A8FCFFF7E2FF282002F0B2
:101F8000A3FC00F01DF818B9681EC0B2051EF0D100
:101F900005B108E000F06AF8142002F095FC601E1C
:101FA000C0B2041EE0D100BF0CB1002070BD012002
:101FB000FCE710B5002400F047F80446E00910BD26
:101FC00010B5002400F040F80446C4F3C00010BD72
:101FD0003EB50546002400F059F8FFF7EAFF68BB5C
:101FE0001748007850BB4FF6FF70062301AA7021F6
:101FF0000090144802F066FF00BF9DF805002043E2
:1020000004029DF80600204304029DF807000443E3
:1020100024092C6000249DF80700204304029DF849
:102020000800204304029DF809000443C4F313048C
:102030006C6001200249087000203EBD0120FCE7D1
:102040002D000020B4B300201CB5002001904FF6F5
:10205000FF70012301AA70210090034802F032FFB3
:102060009DF804001CBD0000B4B300201CB5BA20CC
:1020700001904FF6FF70012301AA702100900248E1
:1020800003F0A6F81CBD0000B4B3002008B5084852
:10209000007801280BD14FF6FF700323054A702109
:1020A0000090054803F094F800200149087008BD2D
:1020B0002D0000202E000020B4B3002010B507A191
:1020C0000B480BF089FEFFF74BFF18B100200949C0
:1020D000087002E001200749087010BD4168745F74
:1020E000496E6974202E2E2E2E2E2E0D0A00000011
:1020F0002CB70020D4DE002010B50448007800B9C9
:1021000010BD0248FFF70DFF00BFF9E7D4DE002045
:1021100008B517A310220021084609F0C7F80020CF
:1021200014A3102201460090104609F0DDF80020AB
:1021300011A3102201460090202009F0D5F80FA32A
:1021400010220021302009F0B1F80DA3082201214E
:10215000402009F0ABF80DA308220221002009F06D
:10216000A5F80EA308220321002009F09FF808BD5E
:1021700059740000BACC0000B6B7000072590000D4
:1021800068747470733A2F2F0000000073706163DD
:10219000652E62696C6962696C69000020202020EC
:1021A000202E636F6D2F33303139313039333500A4
:1021B00000BFFEE770B503460124002007E01D5C68
:1021C0000E5CB54201D0002403E0451CE8B2904209
:1021D000F5DB00BF204670BD10B5024802F094F94F
:1021E00010BD000064B8002010B5024802F08CF960
:1021F00010BD000004B8002010B5024802F084F9B8
:1022000010BD000024B9002010B5024802F07CF98E
:1022100010BD00005CB4002010B5024802F074F953
:1022200010BD000084B9002010B5024802F06CF91E
:1022300010BD0000C4B800200146087810381823EB
:10224000B0FBF3F20848805CC865032A05D908682A
:102250006FF30900001D886503E008686FF309004B
:102260008865886D704700004A0B01080146002010
:102270008A6A8B69CBB932B1012A0DD0022A03D008
:10228000032A10D10EE000BFCB6A03F08073B3F1D4
:10229000807F00D1012007E0CB6AB3F1C07F00D17D
:1022A000012001E000E000BF34E08B69B3F5005F7E
:1022B0001AD132B1012A07D0022A03D0032A11D140
:1022C0000AE000BF01200EE0CB6A03F08073B3F197
:1022D000807F00D1012006E0CB6AB3F1C07F00D13E
:1022E000012000E000BF15E032B1012A05D0022A2A
:1022F00004D0032A0CD103E000BF00BF012008E096
:10230000CB6A03F08073B3F1807F00D1012000E03D
:1023100000BF00BF704730B50468246824F48024EF
:1023200005682C60046863608468402C04D10468EC
:10233000A2600468E16003E00468A1600468E260F0
:1023400030BD00002DE9F0470446DDE90EC80C9FC2
:102350000A9E089D8C604FF0020981F800904A6047
:10236000DFF87890C1F80C90084603744561C0F816
:102370002880DDF82490C0F8189016B14FF00109BC
:1023800001E04FF0000990F824A069F3000A80F8FA
:1023900024A0DDF82C90C0F81C9017B14FF0010973
:1023A00001E04FF0000990F824A069F3410A80F899
:1023B00024A0DDF83490C0F82090BCF1000F02D0CA
:1023C0004FF0010901E04FF0000990F824A069F3F3
:1023D000820A80F824A0BDE8F0870000E12300080D
:1023E0002DE9F04105460E462C46012E02D0022E64
:1023F00077D1F6E0207C072823D2DFE800F0042321
:10240000426082A4C20094F8247007F001070FB163
:10241000277E00E001273B4694F82470C7F380072D
:1024200017B194F8207000E0FF273A4660690778FA
:102430001F44F9B2914202DC07788F4200DD114659
:102440000170CCE094F8247007F001070FB1278BDE
:1024500000E001273B4694F82470C7F380070FB1D2
:10246000278C01E04FF6FF773A46606907881F44E2
:10247000B9B2914202DC07888F4200DD114601802B
:10248000ADE094F8247007F001070FB1A76900E0F0
:1024900001273B4694F82470C7F380070FB1276AE1
:1024A00001E04FF0FF373A4660690768F91891423A
:1024B00002D807688F4200D9114601608FE094F876
:1024C000247007F0010717B194F9187000E0012794
:1024D0003B4694F82470C7F380071FB194F920702D
:1024E00001E071E17F273A46606907781F4479B2BD
:1024F000914203DC90F900708F4200DD11460170BB
:102500006DE094F8247007F0010717B1B4F9187062
:1025100000E001273B4694F82470C7F3800717B109
:10252000B4F9207001E047F6FF773A466069078802
:102530001F4439B2914203DCB0F900708F4200DDD4
:10254000114601804BE094F8247007F001070FB1A9
:10255000A76900E001273B4694F82470C7F3800781
:102560000FB1276A01E06FF000473A4660690768DB
:10257000F918914202DC07688F4200DD11460160C4
:102580002DE094F8241001F0010111B1D4ED061AE8
:1025900001E0F7EE001AB0EE611A94F82410C1F3CE
:1025A000800111B1D4ED081A01E0DFED8C1AF0EED4
:1025B000610A6069D0ED001A31EE810AB4EEE00ADA
:1025C000F1EE10FA06DCD0ED001AF4EEC01AF1EECE
:1025D00010FA01DDB0EE600A80ED000A00BF00BF16
:1025E000F3E0207C072822D2DFE800F00422405DDF
:1025F0007FA0BE0094F8247007F001070FB1277E7A
:1026000000E001273B4694F82470C7F340070FB160
:10261000277F00E000273A4660690778FF1AF9B281
:10262000914202DB07788F4200DA11460170C9E05F
:1026300094F8247007F001070FB1278B00E0012701
:102640003B4694F82470C7F340070FB1A78B00E016
:1026500000273A4660690788FF1AB9B2914202DB47
:1026600007888F4200DA11460180ABE094F82470AD
:1026700007F001070FB1278B00E001273B4694F8D4
:102680002470C7F340070FB1A78B00E000273A463C
:1026900060690768F91A914202D307688F4200D235
:1026A000114601608EE094F8247007F0010717B11D
:1026B00094F9187000E001273B4694F82470C7F3A2
:1026C000400717B194F91C7001E06FF07F073A469C
:1026D00060690778FF1A79B2914203DB90F90070C4
:1026E0008F4200DA114601706CE094F8247007F014
:1026F000010717B1B4F9187000E001273B4694F8C0
:102700002470C7F3400717B1B4F91C7000E0344FD0
:102710003A4660690788FF1A39B2914203DBB0F983
:1027200000708F4200DA114601804BE094F824706B
:1027300007F001070FB1A76900E001273B4694F8B5
:102740002470C7F340070FB1E76901E04FF000477D
:102750003A4660690768F91A914202DB07688F42BE
:1027600000DA114601602DE094F8241001F0010117
:1027700011B1D4ED061A01E0F7EE001AB0EE611ABD
:1027800094F82410C1F3400111B1D4ED071A01E00F
:10279000DFED141AF0EE610A6069D0ED001A31EE37
:1027A000C10AB4EEE00AF1EE10FA06D3D0ED001A39
:1027B000F4EEC01AF1EE10FA01D2B0EE600A80ED2C
:1027C000000A00BF00BF00E000BF00BFA06A10B158
:1027D000A16A60698847BDE8F0810000FFFF7F7F44
:1027E0000080FFFFFFFF7FFF7047000010B5044629
:1027F0000020084909684862064804F08BFB00BFC6
:1028000004480068406AA042FAD3024804F024FC5D
:1028100010BD000054B6002000200CE0002106E0AE
:102820002023064A02EB001253544A1CD1B210294D
:10283000F6DB411CC8B20228F0DB704738BA002032
:10284000F8B5AE48406C00287DD00024A4E0AB4A27
:10285000203202EB0411203A02EB04101022FFF7A1
:10286000A9FC002870D1A54A203202EB0411203ABD
:1028700002EB04101022FDF74EFE002587E09F4872
:1028800000EB0410405D802826DC9C48806D0078B9
:10289000B8B99A4991F85E10012906D1974991F883
:1028A0005C10A14201D1012100E000210B469349B7
:1028B00001EB04114A5DE80090494E6C2146B04797
:1028C00063E08E4901EB04114A5DE8008B49002367
:1028D0004E6C2146B04758E00F2D06D0874800EBDC
:1028E0000411681C085C80281CDC2020834901EB53
:1028F00004114855814991F85E10012906D17F499C
:1029000091F85C10A14201D1012100E000210B46A9
:102910007A4901EB04114A5DE80078494E6C214682
:10292000B04732E00F2D30D0744800EB0411681C22
:10293000085C802829DD7148C06C30B36F4800EB1B
:102940000410405D01E02BE024E08DF800006B48AE
:1029500000EB0411681C085C8DF80100674991F8D0
:102960005E10012906D1654991F85C10A14201D1A0
:10297000012100E000210B46E80060496A46CE6C68
:102980002146B047681CC5B200BF681CC5B2102DF7
:10299000FFF675AF601CC4B2022CFFF658AFACE076
:1029A0005648006C0028FAD00024A3E0534A203295
:1029B00002EB0411203A02EB04101022FFF7FAFB9D
:1029C00000287DD14D4A203202EB0411203A02EB5F
:1029D00004101022FDF79FFD002586E0474800EB1C
:1029E0000410405D802826DC4448806D0078B8B92A
:1029F000424F97F85E70012F06D1404F97F85C70F8
:102A0000A74201D1012700E000273B463B4F07EBDF
:102A100004177A5D2101E800384F3E6CB04762E050
:102A2000364B03EB04135A5D2101E800334B1E6C57
:102A30000023B04757E00F2D06D0304800EB0411BB
:102A4000681C085C80281CDC20202C4901EB041148
:102A500048552A4F97F85E70012F06D1274F97F8F7
:102A60005C70A74201D1012700E000273B46234FBD
:102A700007EB04177A5D2101E800204F3E6CB04758
:102A800031E00F2D2FD01D4800EB0411681C085CAD
:102A9000802828DD1948806C28B3184800EB041002
:102AA000405D8DF80000154800EB0411681C085CBF
:102AB0008DF80100114A92F85E20012A08D100E049
:102AC00016E00E4A92F85C20A24201D1012200E0F9
:102AD000002213462101E800084A966C6A46B04776
:102AE000681CC5B200BF681CC5B2102DFFF676AFDA
:102AF000601CC4B2022CFFF659AFF8BD18BA002012
:102B0000F0B504460D46104613E0022800DB12E043
:102B1000214609E0102900DB08E02027074E06EBDC
:102B2000001677544E1CF1B2A942F3DD00BF411CE0
:102B3000C8B29842E9DD00BFF0BD000038BA0020FD
:102B400010B50446114890F85E0050B901200F49B5
:102B500081F85E000846806DC06810B1896DC86854
:102B600080470A48046590F8540048B1074A92F833
:102B70005400926D516988470020044981F854003F
:102B80000249896D0869804710BD000018BA00200D
:102B9000102801DA022900DB7047034B03EB011315
:102BA0001A5400BFF8E7000038BA002010B50548F5
:102BB000806D007800B110BD0248846D606A804766
:102BC00000BFF8E718BA00202DE9F04104460F468F
:102BD00015462846FDF780FC00F0FF08002616E0A9
:102BE000002C07DDAA5D2146641CC8B23946FFF7F8
:102BF000CFFF0AE0A8EB0601491E6A5C04F1100150
:102C0000C8B23946FFF7C4FF641E701CC6B2A85D87
:102C10000028E5D1BDE8F08110B50446154890F8CC
:102C20005E0001280AD11348806D38B11148806DCB
:102C3000806918B10F49896D886980470D4884659E
:102C4000806D007838B90B49886D002180F821101B
:102C500080F8221000BF074890F85E00012807D1D5
:102C60000448806DC06818B10249896DC868804702
:102C700010BD000018BA00202DE9F04107460C46AF
:102C800015461E460748076444648564C6640020F0
:102C9000044981F85400FFF7BFFD00F029F8BDE8B2
:102CA000F081000018BA0020044991F8541001B1D5
:102CB0007047024981F8540000BFF9E718BA0020B4
:102CC0000FB430B585B004460D460BA80090102116
:102CD00001A8009B0A9AFDF7B9FB0020009001AA09
:102CE00029462046FFF770FF05B030BC5DF814FBA5
:102CF00000B5ADB0E948EA49EA4A1023CDE9002120
:102D00000290E9A2EB49002009F090FF0B20EA4B6A
:102D1000EAA2EC490090002008F018FFEA4BEBA271
:102D2000ED49E84800F078FFEC4BEDA2EF49E548AB
:102D300000F072FFEE4BEFA2F149E24800F06CFFA9
:102D4000F04BF1A2F249DF4800F066FFF14BF2A22E
:102D5000F449DC4800F060FFF34BF4A2F549D94890
:102D600000F05AFFF44BF5A2F749D64800F054FFA3
:102D7000F64BF7A2F949D34800F04EFFF84BF9A201
:102D8000FC49D04800F048FFFB4BFCA2FD49CD4870
:102D900000F042FFFC4BFDA2FE49CA4800F03CFF98
:102DA000FD48FE49FE4A6423CDE900210290C7A2F6
:102DB000C549C44809F03AFF0420FA4BC8A2C749E4
:102DC0000090C04808F0C2FEF748F84BF8A2FA4954
:102DD0000090C2480AF05CF8F848F44B5B1CF8A27B
:102DE000F9490090BD480AF053F8F848EF4B9B1C96
:102DF000F7A2F9490090B9480AF04AF8F748EB4BB6
:102E0000DB1CF7A2F8490090B4480AF041F8002012
:102E1000F649CDE900010A23B6A2B5490290A948B6
:102E200009F004FF0320F24BB7A2B6490090A54871
:102E300008F08CFEEF490522DC48001D0623CDE991
:102E400001210090ECA2EE49AE4809F061FEED4987
:102E50000522D64808300623CDE901210090EAA2D8
:102E6000EB49A84809F054FEEA490522CF480C3046
:102E70000623CDE901210090E7A2E849A14809F025
:102E800047FE0220E64BA4A2A24900908D4808F01C
:102E90005DFEE44BE4A2E6499E4800F0BDFEE54B32
:102EA000E5A2E7499B4800F0B7FE0220E54BDEA211
:102EB000DC490090974808F049FEE34800682C90F0
:102EC000E148001D00682B90DF48083000682A9018
:102ED000DE480121CDE906102A98CDE904102B988F
:102EE000CDE902102C980190B04810300523D8A2EB
:102EF000D8490090CB48FFF725FAD74BD7A2D9493C
:102F0000C8480AF045FA0220D74BCBA2C949009025
:102F1000804808F01BFECC480C3000682990CA4855
:102F2000103000682890C848143000682790CF48B7
:102F30000121CDE906102798CDE904102898CDE9A4
:102F4000021029980190994814300523C0A2C8495D
:102F50000090B848FFF7F6F9C64BC0A2C649B5487D
:102F60000AF016FA0220C54B70A26F49009055482E
:102F700008F0ECFDC2490A228C4818300623CDE93E
:102F800001210090BFA2C149674809F0C1FDC049B5
:102F90000A2286481C300623CDE901210090BDA2FB
:102FA000BE49614809F0B4FD0320BD4B63A26249EC
:102FB0000090444808F0CAFDBA4BBBA2BD495E4828
:102FC00000F02AFEBC4BBDA2BF495B4800F024FEC6
:102FD000BE480221BE4BBFA2CDE90010BF495648F2
:102FE00000F016FD0420BE4BAFA2AE49009052483F
:102FF00008F0ACFD94481830006826900020259019
:103000002490B8480021CDE906102498CDE9041099
:103010002598039001200290269801906348203063
:103020000523B1A2B24900909E48FFF78BF986486C
:103030001C3000682390002022902190AD48002190
:10304000CDE906102198CDE90410229803900120C3
:10305000029023980190554824300623A6A2A74940
:1030600000909048FFF76EF9774820300068209074
:1030700000201F901E90A2480021CDE906101E9846
:10308000CDE904101F980390012002902098019030
:103090004648283006239BA29B4937E1E7CD00082C
:1030A000F1CD0008E5CD00085374617274207061A1
:1030B0006765000078BA0020980000204D61696EB5
:1030C00000000000A8BA0020ACBB002052544320EE
:1030D000CAB1D6D300000000D0BA0020DCBB00206B
:1030E0004C454420BFD8D6C600000000E4BA0020FA
:1030F00064BC0020BBD2B6C8B4ABB8D0C6F70000E1
:10310000F8BA002094BC0020CDD3C2DDD2C70000A5
:103110000CBB002028BD0020D6B1C1F7B5E7BBFA33
:103120000000000020BB002048BE0020B1E0C2EB40
:10313000C6F7000034BB0020B8BE00205049442030
:10314000BFD8D6C60000000048BB0020D4C0002075
:10315000B2BDBDF8B5E7BBFA000000005CBB0020C3
:1031600068C10020CEC2CAAAB6C8B4ABB8D0C6F7F0
:103170000000000070BB0020D8C10020466C6173C5
:103180006800000084BB002038C20020B9D8D3DA20
:103190000000000098BB00200DC8000815C80008FA
:1031A0009DC70008C400002035A200083800002098
:1031B0004C4544310000000004BC002041A200083E
:1031C0004C454432000000001CBC00204DA2000809
:1031D0004C4544330000000034BC002059A20008D4
:1031E0004C454434000000004CBC002039CB0008A2
:1031F000D400002001410008526F6C6C00000000F8
:10320000BCBC0020194100085069746368000000CC
:10321000E0BC0020314100085961770004BD002066
:10322000E000002078BD0020D7F3B5E7BBFA00002E
:1032300050BD0020E0BD0020D3D2B5E7BBFA0000AE
:1032400064BD0020E80000200C26010835B4000809
:1032500050574D00A0BD002049B40008D6D8D6C3B1
:1032600000000000CCBD0020F000002069B4000880
:1032700008BE00207DB4000834BE0020F800002005
:10328000C9390008D7F32052504D000070BE00200D
:10329000E1390008D3D22052504D000094BE0020E6
:1032A0000001002024BF0020D7F3C2D6CBD9B6C876
:1032B000BBB70000E0BE0020FCBF0020D3D2C2D6C6
:1032C000CBD9B6C8BBB70000F4BE00209DB400083F
:1032D0008C000020D7B4CCAC0000000008BF002058
:1032E0000C010020A1B40008C4BFB1EAD6B50000AB
:1032F0004CBF0020C5B400084B70000078BF002010
:10330000F9B400084B690000A4BF00200090C44835
:10331000FFF718F8C34800681D9000201C901B9010
:10332000C1480021CDE906101B98CDE904101C9876
:103330000390012002901D980190BC480623BCA276
:10334000BC490090B648FEF7FDFF0420BA4BAFF22F
:103350009402BA490090BA4808F0F8FBB148001D41
:1033600000681A90002019901890B6480021CDE905
:1033700006101898CDE904101998039001200290C6
:103380001A980190A948001D0523AFF2A402AE4986
:103390000090AA48FEF7D6FFA248083000681790B0
:1033A000002016901590A9480021CDE90610159827
:1033B000CDE904101698039001200290179801900F
:1033C0009A4808300623AFF2D002A14900909B48EA
:1033D000FEF7B8FF93480C3000681490002013905B
:1033E00012909C480021CDE906101298CDE90410F6
:1033F0001398039001200290149801908B480C3090
:103400000623AFF20012944900908C48FEF79AFF11
:103410008448103000681190002010900F908F4861
:103420000021CDE906100F98CDE904101098039003
:1034300001200290119801907C48103006237CA254
:10344000874900907D48FEF77DFF0320854BAFF252
:10345000003285490090854808F078FB71481430A7
:1034600000680E9000200D900C9081480021CDE95D
:1034700006100C98CDE904100D98039001200290DD
:103480000E9801906948143005237AA27C49009077
:103490007548FEF757FF6348183000680B9000200E
:1034A0000A90099077480021CDE906100998CDE9E6
:1034B00004100A980390012002900B9801905B4839
:1034C0001830052370A2734900906748FEF73AFF51
:1034D000714BAFF278227149634809F059FF02201D
:1034E0006F4BAFF280326F490090604808F02EFBBE
:1034F0006D4964224D481C300623CDE9012100901E
:103500006AA26C49674809F003FB6B49642247488B
:1035100020300623CDE90121009068A26949614865
:1035200009F0F6FA0220684BAFF2B032674900901A
:103530004E4808F00BFB66490A223C482430002321
:10354000CDE90121009063A26549604809F0E0FAE5
:10355000644BAFF2F82264495C4809F019FF0A2075
:10356000624BAFF2D83262490090404808F0EEFA60
:10357000002360A262495E4809F00AFF002361A2AD
:1035800064495B4809F004FF002363A2644958487A
:1035900009F0FEFE002363A26649554809F0F8FED3
:1035A000002365A26649524809F0F2FE002365A295
:1035B00067494F4809F0ECFE002366A268494C4871
:1035C00009F0E6FE002367A26A49494809F0E0FED7
:1035D000694B6AA26B49464800F01EFB6A4B6BA21E
:1035E0006D49434800F018FB00206C4ACDE90020EB
:1035F000642362A2604902903D4809F017FB002055
:10360000674ACDE90020642360A25F4902903848F0
:1036100009F00CFB6348FFF7FFFA2DB000BD000076
:1036200024BF0020302601082DB5000864000020CA
:103630004B640000D0BF00201C010020FCBF002014
:10364000B8BE002061B5000824C0002085B5000880
:1036500050C00020B9B500087CC00020EDB50008BE
:10366000A8C000202C010020D4C00020A8BA00204F
:1036700021B60008D7F3B5E7BBFAD7AACBD900002B
:10368000FCC0002033B60008D3D2B5E7BBFAD7AAF6
:10369000CBD9000028C1002049B6000854C1002041
:1036A0003801002068C1002069B60008CEC2B6C843
:1036B0000000000090C1002081B60008CAAAB6C868
:1036C00000000000B4C1002040010020D8C100204B
:1036D00099B60008D6D8C6F4B4CECAFD00000000E2
:1036E00000C20020ADB6000824C20020480100201E
:1036F00038C20020C3D7B4D7B5E7BFD8B0E50000C3
:1037000060C20020CDE2C9E8B2E2CAD4C0FDB3CCA9
:103710000000000074C20020BBB7BEB33A00000036
:1037200088C20020C3D7B4D7B5E7BFD8B0E52056CC
:10373000320000009CC20020D7F7D5DF3A0000001D
:10374000B0C20020D1CCD3EAC3CED9E20000000041
:10375000C4C20020B2CBB5A5BFF2BCDC3A00000069
:10376000D8C20020456173795F4D656E7520563370
:1037700000000000ECC2002028C3002047697468E4
:1037800075623A0000C3002058C3002042696C698A
:1037900062696C693A00000014C30020A93B00086C
:1037A0001121000878BA00201CB50A480A490023F4
:1037B0001A46CDE90010082108480BF0AFFC04467A
:1037C00014B94FF0FF301CBD01200BF011FE00209A
:1037D000F9E70000A1F50008D9F4000898010020DD
:1037E0002DE9FF4107460C4615461E460020009075
:1037F0000190029003908DF80040F3208DF80100B5
:10380000AB208DF802008DF803508DF804606B201A
:103810008DF805004FF47A7306226946384604F0A5
:103820006DFDBDE8FF817FB506460C4615460020BC
:1038300000900190029003908DF80040FE208DF8DA
:10384000010098208DF802008DF803506B208DF850
:1038500004004FF47A7305226946304604F04EFDA9
:103860007FBD2DE9FF4707460D4616461C46DDE99C
:103870000C89002000900190029003908DF8005078
:10388000F6208DF801008DF8026020128DF80300FB
:10389000E0B28DF804008DF805808DF806906B205D
:1038A0008DF807004FF47A7308226946384604F011
:1038B00025FDBDE8FF87000070B504460D4616469D
:1038C000256026713C21206803F046FD0020216818
:1038D00009684862E080A0609FED040A84ED030A55
:1038E0009FED020A84ED040A70BD00000000000094
:1038F00001680968496A09B2C180017911B9B0F952
:10390000061002E0B0F90610494209B2C180002158
:10391000026812685162B0F9062081681144816022
:10392000B0F9061000EE101AB8EEC00ADFED0F0A6B
:1039300080EE201A9FED0E0A21EE000ADFED0D0A3F
:1039400080EE201A80ED031AB0F9061000EE101A6E
:10395000B8EEC00ADFED050A80EE201A9FED060AD8
:1039600021EE000A80ED040A704700000000A54423
:10397000E25CA3410AD7233C0080BB4510B507A1F8
:103980000C480AF029FA00220B490C48FFF794FF73
:1039900000220B490B48FFF78FFF10BD456E636F88
:1039A0006465725F496E6974202E2E2E2E2E2E0DA8
:1039B0000A0000002CB70020C4B50020DCDD002088
:1039C0000CB60020F0DD0020034890ED040A034807
:1039D00080ED060A70470000DCDD00203800002082
:1039E000034890ED040A034880ED070A7047000081
:1039F000F0DD00203800002010B50348FFF778FF05
:103A00000248FFF775FF10BDDCDD0020F0DD00206F
:103A1000F0B50446DDE905568C6003270F704A6057
:103A2000044FCF600846036105750027477586611E
:103A3000F0BD0000393A000870B505460E462C4628
:103A4000012E02D0022E14D108E0607D401EC0B2CB
:103A50006075FF2801D1002060750BE0607D401C7F
:103A6000C0B26075217D884202D1207D401E607504
:103A700000E000BF00BFA06928B1637D226952F851
:103A80002300A169884770BD72B600BFFEE7000041
:103A900010B50DA111480AF09FF900F023F801229A
:103AA00011030F480CF066F90D480078401C0C49D2
:103AB00008704FF480500CF071FA0122110308488D
:103AC0000CF082F910BD0000466C6173685F496EAE
:103AD0006974202E2E2E2E2E2E0D0A002CB70020BB
:103AE000FDB2002070B500240CA112480AF074F950
:103AF0000CF0F2F910A10F480AF06EF90CF024FA5C
:103B000005462A4613A10B480AF066F920460CF038
:103B100045FA15A107480AF05FF970BD53504920D6
:103B2000464C415348205465737420537461727439
:103B30000D0A00002CB7002053504920466C6173D9
:103B40006820496E697469616C697A65642E0D0A32
:103B500000000000466C6173682049443A203078C8
:103B6000256C580D0A00000053504920464C415323
:103B700048205465737420456E640D0A00000000EF
:103B8000704700000148007870470000780200206C
:103B90000148006870470000A8B200200148006892
:103BA00070470000ACB2002010B50CA30822002121
:103BB000084607F07BFB0DA308220121002007F037
:103BC00075FB0DA308220221002007F06FFB0EA356
:103BD00008220321002007F069FB10BD4D697374B2
:103BE000795261696E447265616D580068747470D1
:103BF000733A2F2F000000002020676974687562F7
:103C00002E636F6D2F0000002020202032353439C4
:103C1000383530383037000030B5886005250D70F4
:103C20004A60024DCD600C46236130BD313C000836
:103C300070B504460D462646042D04D1306910B1F6
:103C40003069FEF7E9FF70BD10B502A106480AF021
:103C5000C3F810BD477261795F496E6974202E2EDA
:103C60002E2E2E2E0D0A00002CB7002010B506F0C7
:103C700040FAC0430149087010BD0000B4B20020F2
:103C800010B500200D4908609FED0D0A084680ED33
:103C9000010A9FED0B0A80ED020A9FED090A80EDF3
:103CA000030A0120087400F02BFF044948619FEDCE
:103CB000050A054880ED000A10BD00008CDD0020DB
:103CC000000000009A99593F88B2002070B52DED90
:103CD000048B04466B48007C10B9BDEC048B70BDAE
:103CE00000F00EFF064667484069351A00EE105A8C
:103CF000B8EE400ADFED640AB4EEE00AF1EE10FA25
:103D000035DB6048006870B35E48D0ED010A90ED85
:103D1000000AB8EE400A80EE801A5C4880ED071A6F
:103D20005848D0ED020A90ED000AB8EE400A80EE45
:103D3000801A564880ED081A5248D0ED030A90EDDB
:103D4000000AB8EE400A80EE801A504880ED091A49
:103D500001204E4981F828009FED4D0A4D4880ED25
:103D6000000A00F0F1F9002046490874B5E794ED27
:103D7000000A10EE101A08460CF068FE41EC190B10
:103D8000B0EE490AF0EE690A0AF074FBB0EE408A20
:103D9000F0EE608A9FED400B53EC102B51EC180BAA
:103DA0000CF0FAFB6BD294ED010A10EE101A0846E3
:103DB0000CF04CFE41EC190BB0EE490AF0EE690A2A
:103DC0000AF058FBB0EE408AF0EE608A9FED320BAD
:103DD00053EC102B51EC180B0CF0DEFB4FD294ED92
:103DE000020A10EE101A08460CF030FE41EC190BD6
:103DF000B0EE490AF0EE690A0AF03CFBB0EE408AE8
:103E0000F0EE608A9FED240B53EC102B51EC180B55
:103E10000CF0C2FB33D21B4890ED010AD4ED000A2E
:103E200030EE200A80ED010A90ED020AD4ED010A7D
:103E300030EE200A80ED020A90ED030AD4ED020A6A
:103E400030EE200A80ED030A0068401C0D4908602E
:103E5000084600683221B0FBF1F201FB120070B994
:103E600000EE905AB8EE601ADFED071AC1EE210A93
:103E70009FED0B1A60EE810AB0EE600A00BF00BF32
:103E80002BE700008CDD00200000FA445CDD002000
:103E90000AD7A33C88B200200000000000001440B4
:103EA0000000C84210B59FED220A224880ED000AAA
:103EB0009FED1F0A80ED010A9FED1D0A80ED020AA9
:103EC000B7EE000A80ED030A9FED190A80ED040A9F
:103ED0009FED170A80ED050A9FED150A80ED060A91
:103EE0009FED130A80ED070A9FED110A80ED080A85
:103EF0009FED0F0A80ED090A00200E4981F8280085
:103F000000F0FEFD0B49C86200200B4908609FEDE0
:103F1000080A084680ED010A9FED050A80ED020AB5
:103F20009FED030A80ED030A0020087410BD000015
:103F3000000000005CDD00208CDD002020B1094B7A
:103F400093ED000A80ED000A21B1064B93ED010AC2
:103F500081ED000A22B1034B93ED020A82ED000AC3
:103F6000704700005CDD002010B505A10D4809F088
:103F700033FF05F0B5FDFFF795FFFFF781FE10BD9C
:103F800049434D3230363038204779726F73636F52
:103F900070655F496E6974202E2E2E2E2E2E0D0A0E
:103FA000000000002CB7002010B52DED0C8B04464E
:103FB00014B9BDEC0C8B10BDD4ED000A60EEA00A64
:103FC00094ED011AD4ED011A41EE210A94ED021A82
:103FD000D4ED021A41EE210AB0EE600A0AF01CFB91
:103FE000B0EE408AB0EE480ADFED420AB4EEE00AD5
:103FF000F1EE10FA00D2DCE794ED000AC0EE08BA48
:1040000094ED010A80EE089A94ED020AC0EE088A47
:10401000F0EE680AB0EE490A0AF02EF8F0EE409A87
:1040200069EE090A48EEA80AB0EE600A0AF0F4FA4E
:10403000B0EE40DAF0EE4D0AB1EE6B0A0AF01CF871
:10404000B0EE40AAF6EE000A69EEA00AB0EE600AF1
:104050000AF068F9F0EE40AAF6EE000A69EEA00A4E
:10406000B0EE600A0AF010FAB0EE40CAF6EE000AAE
:104070006AEE200AB0EE600A0AF054F9B0EE40BAD7
:10408000F6EE000A6AEE200AB0EE600A0AF0FCF9C9
:10409000F0EE40CA2AEE8B0A174880ED030A2CEE98
:1040A0000B0A80ED040A2AEEAC0A80ED050A9FEDAA
:1040B000130A80ED060A00F118031A1F111F0C30B5
:1040C0000BF04EFC0C4890ED062AF0EE421A90EDF3
:1040D000052AB0EE421A90ED042AF0EE420A90ED65
:1040E000032AB0EE420A00F10802011D0BF084FC25
:1040F00000BF5EE7CDCCCC3D5CDD002000000000C1
:10410000034890ED120A034880ED010A7047000051
:1041100004DE002038000020034890ED130A034815
:1041200080ED020A7047000004DE00203800002005
:10413000034890ED140A034880ED030A704700001D
:1041400004DE002038000020B7EE000A0D4880EDA4
:10415000030A9FED0D0A80ED040A9FED0B0A80ED26
:10416000050A9FED090A80ED060A9FED070A80ED1A
:10417000000A9FED050A80ED010A9FED030A80ED1C
:10418000020A70475CDD00200000000010B52DED34
:10419000088B84B000F0B4FC04465D480068201A27
:1041A00000EE100AB8EE400ADFED5A0A80EE201A3F
:1041B000B0EE418A5648006828B95548046004B0FA
:1041C000BDEC088B10BD9FED540AB4EEC08AF1EE31
:1041D00010FA03DD9FED510AB0EE408A9FED500AC0
:1041E000B4EEC08AF1EE10FA00D2E8E74D4AA2F12F
:1041F0004801A1F10C0005F051FD4B48007850B189
:104200004A48007C38B94A4890F8280018B1454817
:104210004838FFF7C9FE4548007C43490870B0EEB6
:10422000480A40494839A1F10C0000F09FF83D4A86
:10423000121F111F081FFFF781FE3A48543890EDF6
:10424000120AB5EEC00AF1EE10FA08D290ED120A89
:10425000DFED380A30EE200A80ED120A09E031481D
:10426000543890ED120ADFED330A30EE600A80ED2B
:10427000120A31480078D8B92D4890F82800B8B112
:104280002848543890ED120A2C4880ED000A254841
:10429000543890ED130A2A4880ED000A214854381A
:1042A00090ED140A274880ED000A01202249087089
:1042B0001C48543890ED140A10EE101A08460CF001
:1042C000C5FB41EC190B1748543890ED130A10EE5A
:1042D000101A08460CF0BAFB41EC1A0B114854387E
:1042E00090ED120A10EE101A08460CF0AFFB41ECEC
:1042F0001B0B8DED029B8DED00AB53EC1B2B12A124
:10430000194809F069FD0248046000BF57E7000042
:10431000C8B2002000007A44CDCCCC3D0AD7233C63
:104320006F12833A58DE0020CCB200208CDD0020D2
:104330005CDD002000003443B8B20020BCB2002095
:10434000C0B20020C4B20020526F6C6C3D252E32EA
:10435000662050697463683D252E32662059617766
:104360003D252E32660D0A002CB7002070B52DEDCC
:10437000028B04460D46B0EE408A04B115B9BDEC7F
:10438000028B70BD294620460AF040FD00B9F6E7D1
:104390002048007C18B12046FFF798FCEFE71E4844
:1043A00090F8280048B3D4ED000A60EEA00A94ED1E
:1043B000011AD4ED011A41EE210A94ED021AD4ED4E
:1043C000021A41EE210AB0EE600A0AF025F9F0EE79
:1043D000408AB2EE040AF4EEC08AF1EE10FA0BDD68
:1043E00000F08EFB06460D480068301A0C498842E2
:1043F00001D90A48066000BF00BFB0EE480A29464E
:1044000020460AF073FA00F07BFB0349C86200BF44
:10441000B5E700008CDD00205CDD0020A4B20020A8
:10442000E093040070B50446A56D00F069FB0646F4
:1044300094F83500022808D08020606500BF002075
:1044400084F8340000BF012070BD2068006820F0AF
:104450001600216808602068406920F0800021680B
:104460004861206C08B9A06C28B12068006820F071
:104470000800216808602068006820F001002168B9
:10448000086010E000F03CFB801B05280BD92020C1
:104490006065032084F8350000BF002084F83400F4
:1044A00000BF0320D0E72068006800F0010000286A
:1044B000E8D194F85C103F208840A860012084F87F
:1044C000350000BF002084F8340000BF00BFBBE708
:1044D000014691F83500022803D08020486501206C
:1044E0007047052081F835000868006820F0010059
:1044F0000A6810600020F3E70146486D70470146E6
:1045000091F8350070470000F8B50446002000908F
:104510008C4800684FF41651B0FBF1F7A56D2E687A
:1045200094F85C1008208840304098B120680068FA
:1045300000F0040070B12068006820F004002168D9
:10454000086094F85C1008208840A860606D40F016
:104550000100606594F85C1001208840304068B12B
:104560002068406900F0800040B194F85C100120A0
:104570008840A860606D40F00200606594F85C10AF
:1045800004208840304068B12068006800F00200D4
:1045900040B194F85C1004208840A860606D40F041
:1045A0000400606594F85C1010208840304078B3B7
:1045B0002068006800F0080050B394F85C101020E8
:1045C0008840A8602068006800F4802080B12068DE
:1045D000006800F4002028B9206CC8B12046216C86
:1045E000884715E0A06C98B12046A16C88470FE081
:1045F0002068006800F4807028B92068006820F006
:10460000080021680860206C10B12046216C8847A2
:1046100094F85C10202088403040002865D0206845
:10462000006800F0100000285FD094F85C10202093
:104630008840A86094F83500052828D120680068D3
:1046400020F01600216808602068406920F0800092
:1046500021684861206C08B9A06C28B12068006806
:1046600020F008002168086094F85C103F20884022
:10467000A860012084F8350000BF002084F83400D1
:1046800000BF206D10B12046216D8847F8BD20681D
:10469000006800F4802080B12068006800F40020E9
:1046A00028B9606C10B12046616C88471DE0E06B52
:1046B000D8B12046E16B884717E02068006800F415
:1046C000807068B92068006820F0100021680860D8
:1046D000012084F8350000BF002084F8340000BFBA
:1046E000E06B10B12046E16B8847606D38B3606DB8
:1046F00000F00100F0B1052084F835002068006862
:1047000020F001002168086000BF0098401C009064
:10471000B84200D905E02068006800F001000028D8
:10472000F3D100BF012084F8350000BF002084F8D9
:10473000340000BFE06C10B12046E16C884700BF38
:10474000A4E700000C0000202DE9F04104460025FC
:1047500000F0D6F9074614B90120BDE8F081606A7F
:1047600000B100BF022084F8350000BF002084F8AB
:10477000340000BF2068006820F001002168086054
:104780000AE000F0BDF9C01B052805D920206065AE
:10479000032084F83500E0E72068006800F001009D
:1047A0000028EED12068056821480540D4E90101C0
:1047B0000843E16808432169084361690843A16926
:1047C0000843E1690843216A08430543606A0428F5
:1047D00003D1D4E90B010843054320680560206834
:1047E000456925F00705606A0543606A04280DD114
:1047F000A06A0543E06A48B12046FDF737FD28B1BD
:1048000040206065012084F83500A6E720684561F6
:104810002046FDF711FD064694F85C103F208840C5
:10482000B06000206065012084F83500002094E726
:104830003F8010F02DE9F04704460D4616461F460E
:104840004FF00008D4F8589000BF94F834000128C5
:1048500002D10220BDE8F087012084F8340000BFB7
:1048600094F83500012825D1022084F83500002075
:1048700060653B46324629462046FDF74CFD94F8DC
:104880005C103F208840C9F808002068006840F0AC
:10489000160021680860206C28B12068006840F08C
:1048A0000800216808602068006840F00100216865
:1048B000086006E000BF002084F8340000BF4FF01D
:1048C00002084046C6E7000070B5044600F018F93B
:1048D00006462546681C10B104480078054400BF10
:1048E00000F00EF9801BA842FAD370BD080000202A
:1048F000F8B502460B460025002400200021D6E032
:10490000012606FA01F51E6806EA0504AC4274D1D8
:104910001E7906F00306012E04D01E7906F0030668
:10492000022E13D190684F000326BE40B0434F00C3
:10493000DE68BE4030439060506801268E40B04330
:104940001E79C6F300168E40304350601E7906F083
:104950000306032E09D0D0684F000326BE40B043A3
:104960004F009E68BE403043D0601E7906F00306BB
:10497000022E13D1CF0802F1200656F827004E0769
:10498000F70E0F26BE40B0434F07FF0E1E69BE4014
:104990003043CF0802F1200646F8270010684F0088
:1049A0000326BE40B0431E7906F003064F00BE400A
:1049B000304310605E6806F44036002E76D000BFAB
:1049C000002600963C4E366846F480463A4F3E60DC
:1049D0003E46366806F48046009600BF00BF374E5C
:1049E0008F0856F827008E07370F0F26BE40B043BA
:1049F000334EB24202D1002624E057E0314EB2429B
:104A000001D101261EE0304EB24201D1022619E04A
:104A10002E4EB24201D1032614E02D4EB24201D1F6
:104A200004260FE02B4EB24201D105260AE02A4EA1
:104A3000B24201D1062605E0284EB24201D1072636
:104A400000E008268F073F0FBE4030431B4E8F0803
:104A500046F82700224E3068A0435E6806F48016B0
:104A600006B120431E4E3060361D3068A0435E689C
:104A700006F4001606B12043194E361D3060184E5C
:104A8000361F3068A0435E6806F4003606B1204346
:104A9000134E361F3060361F3068A0435E6806F440
:104AA000803606B120430E4E083E3060491C102966
:104AB000FFF426AFF8BD000044380240083801403A
:104AC000000002400004024000080240000C0240C6
:104AD000001002400014024000180240001C024076
:104AE000083C0140024613690B400BB1012000E075
:104AF000002070470AB1816101E00B0483617047B7
:104B000001480068704700000000002070477047AF
:104B10002DE9F04705464FF0000928684668D5F8AA
:104B20002CA095F83E7095F83D80102F01D0402FB5
:104B300075D12868D0F818902868446904F00100FD
:104B400060B9BAF52A0F02D0BAF12A4F01D101207B
:104B500000E00020012801D1BDE8F08704F0010049
:104B600048B1C6F3402030B1284603F06DFC28461A
:104B700004F0D5FAB7E0C4F3C00030B1C6F340206A
:104B800018B1284604F082F9ADE0C4F3400030B11A
:104B9000C6F3402018B1284604F08DF9A3E0C9F30C
:104BA000800040B32868406800F40060B0F5006FF2
:104BB000E0D0C4F3C01048B1C6F3802030B1C4F3D4
:104BC000800018B9284604F0F5F88CE0C4F38000A2
:104BD0000028CFD0C6F340200028CBD0B8F1210F59
:104BE00003D1284604F096F87DE0402F7BD128467B
:104BF00004F0E4FA77E02868406800F40060B0F55B
:104C0000006F70D0C4F3801050B1C6F3802038B16B
:104C1000C4F3800020B9284603F0FDFE63E00BE0FA
:104C2000C4F3800000285ED0C6F3402000285AD08C
:104C3000284603F058FE56E0286C10B128684469F5
:104C400004E02868D0F8189028684469C4F340004C
:104C500060B1C6F3402048B1286C10B12868D0F884
:104C600018904946284604F08DFC3CE0C4F300103F
:104C700030B1C6F3402018B1284604F0BBFC32E046
:104C8000B8F1210F02D0B8F1290F16D1C4F3C0102A
:104C900048B1C6F3802030B1C4F3800018B928466B
:104CA00004F04DFC1FE0C4F38000E0B1C6F34020E7
:104CB000C8B1284604F036FC15E0C4F3801048B1B2
:104CC000C6F3802030B1C4F3800018B9284604F040
:104CD00006FC08E0C4F3800028B1C6F3402010B100
:104CE000284604F0EFFB00BF36E7704770B5044676
:104CF0000CB9012070BD94F83D0028B9002084F85B
:104D00003C00204600F068FE242084F83D00206826
:104D1000006820F00100216808602068006840F405
:104D20000040216808602068006820F40040216885
:104D3000086001F069F905465C496068884206D858
:104D40005B48854201D2012007E0002005E0594878
:104D5000854201D2012000E00020012800D1C9E7EE
:104D60005548B5FBF0F62068406820F03F0030431E
:104D7000216848604D496068884201D8701C07E08E
:104D80004FF4967070434FF47A71B0FBF1F0401C11
:104D90002168096A21F03F010843216808624349FC
:104DA0006068884214D8681E61684900B0FBF1F061
:104DB000401CC0F30B00042801D204203DE0681E13
:104DC00061684900B0FBF1F0401CC0F30B0034E017
:104DD000A06838B9681E616801EB4101B0FBF1F0D1
:104DE000401C0AE0681E616801EBC10202EB011180
:104DF000B0FBF1F0401C40F48040C0F30B0008B958
:104E000001201AE0A06848B9681E616801EB410101
:104E1000B0FBF1F0401CC0F30B000CE0681E6168B1
:104E200001EBC10202EB0111B0FBF1F0401CC0F339
:104E30000B0040F4804040F400402168C9694CF602
:104E4000FF72914308432168C861D4E90701084310
:104E50002168096821F0C001084321680860D4E98D
:104E6000031008432168896848F2FF3291430843E0
:104E700021688860D4E9050108432168C96821F0E8
:104E8000FF0108432168C8602068006840F0010005
:104E90002168086000202064202084F83D00002064
:104EA000206384F83E0000BF24E70000A0860100D4
:104EB00080841E0000093D0040420F00704770478B
:104EC000704700002DE9F843044689461746984686
:104ED000089EFFF715FE054694F83D0020287DD179
:104EE00019230122B7492046009504F07CFC10B13B
:104EF0000220BDE8F88300BF94F83C00012801D1EE
:104F00000220F6E7012084F83C0000BF206800681A
:104F100000F0010028B92068006840F00100216815
:104F200008602068006820F4006021680860222082
:104F300084F83D00102084F83E0000202064676261
:104F4000A4F82A80608D20859F48E0622B46324677
:104F50004946204603F0E2FD08B10120C9E7208D53
:104F600088B900BF00200090206840690090206848
:104F70008069009000BF00BF2068006840F40070A6
:104F80002168086047E0208D012817D1206800685B
:104F900020F480602168086000BF00200090206835
:104FA0004069009020688069009000BF00BF2068C1
:104FB000006840F40070216808602CE0208D022811
:104FC00018D12068006820F480602168086020689B
:104FD000006840F400602168086000E0EFE000BF76
:104FE000002000902068406900902068806900904F
:104FF00000BF10E02068006840F48060216808600D
:1050000000BF0020009020684069009020688069FF
:10501000009000BF00BFC3E0208D03287ED8208D04
:10502000012815D12A463146204604F0B8FC08B1C3
:1050300001205EE720680069616A0870606A401CB0
:105040006062208D401E2085608D401E6085A7E037
:10505000208D02282AD1334600225C492046009543
:1050600004F0C1FB08B1012043E72068006840F468
:1050700000702168086020680069616A0870606AD1
:10508000401C6062208D401E2085608D401E608522
:1050900020680069616A0870606A401C6062208D47
:1050A000401E2085608D401E608579E033460022D9
:1050B00046492046009504F096FB08B1012018E708
:1050C0002068006820F4806021680860206800691A
:1050D000616A0870606A401C6062208D401E2085F5
:1050E000608D401E60853346002238492046009579
:1050F00004F079FB08B10120FBE62068006840F469
:1051000000702168086020680069616A0870606A40
:10511000401C6062208D401E208500E010E0608D04
:10512000401E608520680069616A0870606A401CE2
:105130006062208D401E2085608D401E60852FE0BE
:105140002A463146204604F02AFC08B10120D0E668
:1051500020680069616A0870606A401C6062208D86
:10516000401E2085608D401E608520684069C0F328
:105170008000A8B1208D032805D12068006820F4A4
:1051800080602168086020680069616A0870606A50
:10519000401C6062208D401E2085608D401E608511
:1051A000208D00287FF438AF202084F83D000020B7
:1051B00084F83E0000BF84F83C0000BF99E602205E
:1051C00097E60000020010000000FFFF040001004D
:1051D0002DE9F8430446894616461F46DDF820802F
:1051E000FFF78EFC054694F83D0020287ED1192358
:1051F000012251492046009504F0F5FA10B1022031
:10520000BDE8F88300BF94F83C00012801D10220DA
:10521000F6E7012084F83C0000BF2068006800F039
:10522000010028B92068006840F00100216808608A
:105230002068006820F4006021680860212084F85C
:105240003D00102084F83E000020206466626785DF
:10525000608D20853948E0622B464246494620460B
:1052600003F0F8FC08B10120CAE700BF002000905D
:1052700020684069009020688069009000BF00BFEE
:1052800044E02A464146204604F0F6FB50B1206C2B
:10529000042805D12068006840F400702168086087
:1052A0000120ADE7606A007821680861606A401CEF
:1052B0006062608D401E6085208D401E20852068C4
:1052C0004069C0F3800070B1208D60B1606A0078E1
:1052D00021680861606A401C6062608D401E6085C4
:1052E000208D401E20852A46414600E022E02046CF
:1052F00004F046FA50B1206C042805D120680068FB
:1053000040F4007021680860012079E7208D0028B2
:10531000B7D12068006840F4007021680860202040
:1053200084F83D00002084F83E0000BF84F83C0073
:1053300000BF65E7022063E7020010000000FFFFE6
:10534000704700000021014A11707047840200205C
:105350002DE9FC5F04460F4690469946DDE90CAB0B
:105360000E9EFFF7CDFB054694F83D00202870D136
:1053700019230122B5492046009504F034FA10B1F2
:105380000220BDE8FC9F00BF94F83C00012801D139
:105390000220F6E7012084F83C0000BF2068006886
:1053A00000F0010028B92068006840F00100216881
:1053B00008602068006820F40060216808602220EE
:1053C00084F83D00402084F83E0000202064C4F8AA
:1053D00024A0A4F82AB0608D20859D48E0624B4649
:1053E000424639462046CDE9006503F04BFF08B13F
:1053F0000120C6E7208D88B900BF002001902068F9
:105400004069019020688069019000BF00BF20685A
:10541000006840F400702168086040E0208D012899
:1054200018D12068006820F480602168086000BFFF
:1054300000200190206840690190206880690190F7
:1054400000BF00BF2068006840F400702168086059
:1054500025E0F8E0208D022816D12068006820F4AD
:105460008060216808602068006840F4006021685E
:10547000086000BF0020019020684069019020680A
:105480008069019000BF0AE000BF00200190206801
:105490004069019020688069019000BF00BFC3E0AF
:1054A000208D03287ED8208D012815D12A4631462B
:1054B000204604F074FA08B1012062E72068006910
:1054C000616A0870606A401C6062208D401E208501
:1054D000608D401E6085A7E0208D02282AD13346CA
:1054E00000225C492046009504F07DF908B10120B6
:1054F00047E72068006840F4007021680860206871
:105500000069616A0870606A401C6062208D401EFC
:105510002085608D401E608520680069616A087082
:10552000606A401C6062208D401E2085608D401E98
:10553000608579E03346002246492046009504F014
:1055400052F908B101201CE72068006820F480604F
:105550002168086020680069616A0870606A401C00
:105560006062208D401E2085608D401E6085334620
:10557000002238492046009504F035F908B1012091
:10558000FFE62068006840F4007021680860206829
:105590000069616A0870606A401C6062208D401E6C
:1055A000208500E010E0608D401E60852068006965
:1055B000616A0870606A401C6062208D401E208510
:1055C000608D401E60852FE02A463146204604F05B
:1055D000E6F908B10120D4E620680069616A087024
:1055E000606A401C6062208D401E2085608D401ED8
:1055F000608520684069C0F38000A8B1208D032831
:1056000005D12068006820F4806021680860206867
:105610000069616A0870606A401C6062208D401EEB
:105620002085608D401E6085208D00287FF438AF76
:10563000202084F83D00002084F83E0000BF84F85C
:105640003C0000BF9DE602209BE600000200100027
:105650000000FFFF040001002DE9FC5F04460F4637
:1056600090469946DDE90CAB0E9EFFF749FA0546D8
:1056700094F83D0020287DD1192301224D49204670
:10568000009504F0B0F810B10220BDE8FC9F00BF07
:1056900094F83C00012801D10220F6E7012084F8AB
:1056A0003C0000BF2068006800F0010028B92068B5
:1056B000006840F00100216808602068006820F45C
:1056C000006021680860212084F83D00402084F8B3
:1056D0003E0000202064C4F824A0A4F82AB0608D05
:1056E00020853548E0624B46424639462046CDE9A2
:1056F000006503F077FE08B10120C6E731E02A46D5
:105700003146204604F0B8F950B1206C042805D188
:105710002068006840F40070216808600120B4E748
:10572000606A007821680861606A401C6062208DB0
:10573000401E2085608D401E608520684069C0F352
:10574000800070B1208D60B1606A007821680861C6
:10575000606A401C6062208D401E2085608D401E66
:105760006085208D0028CAD12A463146204604F0A3
:1057700007F800E01CE050B1206C042805D1206837
:10578000006840F400702168086001207DE720680F
:10579000006840F4007021680860202084F83D0013
:1057A000002084F83E0000BF84F83C0000BF6CE796
:1057B00002206AE7020010000000FFFF2DE9FE4F03
:1057C00004460E4617469846DDE90C9A00200290E2
:1057D000FFF796F9834694F83D00202879D17A485E
:1057E00000681921B0FBF1F04FF47A71B0FBF1F0D1
:1057F00000EBC00101EB0010029000BF0298401EB8
:105800000290029870B900202063202084F83D00A7
:10581000002084F83E00206C40F02000206402202C
:10582000BDE8FE8F20688069C0F340000028E5D104
:1058300000BF94F83C00012801D10220F0E70120CC
:1058400084F83C0000BF2068006800F0010028B91F
:105850002068006840F00100216808602068006846
:1058600020F4006021680860212084F83D00402079
:1058700084F83E0000202064C4F82490A4F82AA0F4
:10588000608D20855148E0626664A764C4F84C804E
:1058900000202065208D00286DD0606BD0B14C4871
:1058A000616BC8634B48616BC8640020616B08641E
:1058B000616B4864616B8864616B0865238DD4F803
:1058C00000C00CF11002616A606BFEF7B3FF054681
:1058D00011E076E0202084F83D00002084F83E00AE
:1058E000206C40F08000206400BF002084F83C0061
:1058F00000BF012094E7EDBB232043463A463146E2
:10590000CDE9000B204603F06DFDB8B1606BFEF7EA
:10591000DFFD05460020616BC8632068006820F445
:10592000806021680860002020856085206800680C
:1059300020F0010021680860012071E700BF00200D
:10594000019020684069019020688069019000BF43
:1059500000BF00BF002084F83C0000BF2068406802
:1059600040F48070216848602068406840F400601E
:10597000216801E003E013E04860002050E72020A8
:1059800084F83D00002084F83E00206C40F01000B8
:10599000206400BF002084F83C0000BF01203FE7E6
:1059A000202084F83D00002084F83E00206C40F068
:1059B0004000206400BF002084F83C0000BF0120AC
:1059C0002EE702202CE700000C0000200000FFFF63
:1059D000AD8500085D85000810B586B00446142129
:1059E00001A8FAF731FE4849206888422FD100BF4C
:1059F000002000904548006840F0020043490860DC
:105A00000846006800F00200009000BF00BFC02000
:105A100001901220029000200390032004900420A3
:105A2000059001A93A48FEF763FF00BF00200090EF
:105A300036481030006840F40010344910310860D6
:105A40000846006800F40010009000BF5AE0314999
:105A50002068884256D100BF002000902B48006883
:105A600040F00200294908600846006800F0020082
:105A7000009000BF00BF4FF44060019012200290E0
:105A800000200390032004900420059001A92048E1
:105A9000FEF72EFF00BF002000901C481030006869
:105AA00040F480001949103108600846006800F48D
:105AB0008000009000BF00BF1748184908604FF0F1
:105AC000606048604021154881600021C1604FF44A
:105AD00080610161002141618161C16101624162B6
:105AE000FEF732FE08B1FDF7CFFF00BF0B48606341
:105AF000846300BF00221146212000F09BF8212082
:105B000000F084F806B010BD005400403038024068
:105B10000004024000580040B86002405CB400201D
:105B200070477047034800680349097808440149F1
:105B300008607047000000200800002010B50D48E4
:105B4000006840F400700B4908600846006840F4A3
:105B5000806008600846006840F480700860032098
:105B600000F0A6F8002000F007F800F02BF8002065
:105B700010BD0000003C024070B504460E4800789D
:105B80004FF47A71B1FBF0F00C490968B1FBF0F504
:105B9000284601F089F808B1012070BD102C07D209
:105BA00000222146501E00F045F80548046001E03F
:105BB0000120F2E70020F0E7080000200C000020A0
:105BC0000400002008B500BF002000900E480068C7
:105BD00040F480400C4908600846006800F48040AA
:105BE000009000BF00BF00BF00200090081F0068A9
:105BF00040F08050091F08600846006800F080509F
:105C0000009000BF00BF08BD44380240014608466E
:105C100000280DDB00BF00BF00F01F0301229A40E7
:105C200043099B0003F1E023C3F8002100BF00BF3C
:105C300000BF70472DE9F05F80460D4616460027ED
:105C400008F068F9074639462A46334601F007004E
:105C5000C0F1070ABAF1040F02D94FF0040A01E0BB
:105C6000C0F1070AD14600F1040ABAF1070F02D2C7
:105C70004FF0000A01E0A0F1030AD4464FF0010AF8
:105C80000AFA09FAAAF1010A0AEA020A0AFA0CFA5D
:105C90004FF0010B0BFA0CFBABF1010B0BEA030B02
:105CA0004AEA0B042146404608F03CF9BDE8F09F63
:105CB00000BF00F00702064B19684FF6FF031940BA
:105CC000044B0B4343EA0221014B196000BF7047AC
:105CD0000CED00E00000FA05F8B5044600250026AA
:105CE000207800F0010020B9207800F0040004289A
:105CF0002FD100205B498866FEF702FF054606E0CB
:105D0000FEF7FEFE401B022801D90320F8BD5648CD
:105D10000068C0F3C0600028F2D160688101207A79
:105D200041EA007050498431086001204D4988667D
:105D3000FEF7E6FE054606E0FEF7E2FE401B0228FF
:105D400001D90320E2E748480068C0F3C06000289A
:105D5000F2D0207800F0020002287DD100BF0020A0
:105D6000009041484030006840F080503E4940314A
:105D700008600846006800F08050009000BF00BF37
:105D80003A48006840F4807038490860FEF7B8FE71
:105D9000054606E0FEF7B4FE401B022801D90320A9
:105DA000B4E73248006800F480700028F2D02E4832
:105DB0007030006800F440764EB3A08900F4407063
:105DC000B04224D028487030006820F4407601208A
:105DD000274908600020086023487030066000688A
:105DE00000F0010098B1FEF78BFE054608E0FEF7D3
:105DF00087FE401B41F28831884201D9032085E7A4
:105E0000194870300068C0F340000028EFD000BF90
:105E1000A08900F44070B0F5407F0CD112480830E2
:105E2000006820F4F810134AE168114008430E4955
:105E30000831086007E00C480830006820F4F810CA
:105E4000094908310860084870300068A189C1F329
:105E50000B010843044900E002E07031086000BF14
:105E6000002053E700004742003802400070004025
:105E7000400E4742FFFCFF0F70B504460D460CB9BB
:105E8000012070BD5848006800F00700A84209D200
:105E900055490D700846006800F00700A84201D07F
:105EA0000120EEE7207800F0020002281DD12078C2
:105EB00000F00400042805D14C48006840F4E0508C
:105EC0004A490860207800F00800082805D14748B2
:105ED000006840F46040454908604448006820F08C
:105EE000F000A168084341490860207800F00100F3
:105EF000A8B36068012807D13C4808380068C0F39F
:105F00004040B8B90120BCE76068022802D0606850
:105F1000032807D1354808380068C0F3406048B905
:105F20000120AEE7314808380068C0F3400008B9E6
:105F30000120A6E72D48006820F0030061680843AF
:105F40002A490860FEF7DCFD064609E0FEF7D8FDA9
:105F5000801B41F28831884202D9032091E707E093
:105F60002248006800F00C006168B0EB810FEDD1B1
:105F70001D48006800F00700A84209D91A490D70B1
:105F80000846006800F00700A84201D0012078E729
:105F9000207800F00400042807D11448006820F499
:105FA000E050E168084311490860207800F00800DB
:105FB000082808D10D48006820F46040216940EAB3
:105FC000C1000A49086000F03FF808490968C1F3B8
:105FD0000311074A515CC84006490860064800683A
:105FE000FFF7CAFD00204CE7003C024008380240A1
:105FF000520B01080C00002004000020014800683A
:10600000704700000C00002000B5FFF7F7FF0449BF
:106010000968C1F38221034A515CC84000BD0000F9
:1060200008380240620B010800B5FFF7E7FF04499A
:106030000968C1F34231034A515CC84000BD000009
:1060400008380240620B01082DE9F04700240025C2
:106050000026A1462548006800F00C0020B1042865
:1060600005D008283AD105E0DFF8849039E0DFF860
:10607000849036E01D48001F006800F03F041B4874
:10608000001F006800F4800078B11A481749091F02
:106090000968C1F38811A0FB017001462246002364
:1060A0003846FAF75BF905460EE011480F49091F1B
:1060B0000968C1F38811A0FB017001462246002344
:1060C0003846FAF74BF905460848001F0068C0F348
:1060D0000140401C4600B5FBF6F902E0DFF81090E5
:1060E00000BF00BF4846BDE8F08700000838024006
:1060F0000024F40000127A00F8B504460CB901201F
:10610000F8BD207800F00100002874D0F94800683C
:1061100000F00C0004280DD0F648006800F00C00D8
:10612000082813D1F348001F006800F48000B0F580
:10613000800F0BD1EF4808380068C0F340400028BA
:1061400059D06068002856D10120D9E700BF6068A7
:10615000B0F5803F08D1E7480838006840F4803047
:10616000E449083908601EE06068B0F5A02F0DD141
:10617000E0480838006840F48020DE4908390860AB
:106180000846006840F4803008600CE0D9480838C0
:10619000006820F48030D749083908600846006854
:1061A00020F48020086000BF606890B1FEF7A8FC72
:1061B000054606E0FEF7A4FC401B642801D9032035
:1061C0009EE7CC4808380068C0F340400028F1D072
:1061D00011E0FEF795FC054606E0FEF791FC401B3A
:1061E000642801D903208BE7C24808380068C0F34F
:1061F00040400028F1D1207800F0020002285FD151
:10620000BC48006800F00C0058B1BA48006800F0C3
:106210000C0008281CD1B748001F006800F480005B
:10622000B0B9B44808380068C0F3400020B1E06855
:10623000012801D0012063E7AE480838006820F04B
:10624000F800216940EAC100AA490839086037E02E
:10625000E06800B30120A8490860FEF751FC05463C
:1062600006E0FEF74DFC401B022801D9032047E75A
:10627000A04808380068C0F340000028F1D09D48CD
:106280000838006820F0F800216940EAC100994907
:106290000839086014E0002097490860FEF730FCD8
:1062A000054606E0FEF72CFC401B022801D903201E
:1062B00026E7904808380068C0F340000028F1D174
:1062C000207800F0080008282CD16069A8B10120CE
:1062D0008A490860FEF714FC054606E0FEF710FC4C
:1062E000401B022801D903200AE782486C3000686D
:1062F000C0F340000028F1D014E000207F4908607E
:10630000FEF7FEFB054606E0FEF7FAFB401B0228FF
:1063100001D90320F4E677486C300068C0F34000F0
:106320000028F1D1207800F00400042870D1002763
:1063300070483830006800F0805090B900BF0020ED
:1063400000906C483830006840F08050694938311E
:1063500008600846006800F08050009000BF00BF51
:1063600001276748006800F48070B0B9644800688D
:1063700040F4807062490860FEF7C2FB054606E003
:10638000FEF7BEFB401B022801D90320B8E65C489B
:10639000006800F480700028F2D000BFA0680128D7
:1063A00008D154486830006840F001005149683114
:1063B00008601DE0A06805280DD14E4868300068CF
:1063C00040F004004B49683108600846006840F01E
:1063D000010008600CE047486830006820F00100C8
:1063E0004449683108600846006820F004000860ED
:1063F00000BFA068A8B1FEF783FB054609E0FEF7E1
:106400007FFB401B41F28831884202D9032077E6A6
:1064100026E0384868300068C0F340000028EED01D
:1064200013E0FEF76DFB054608E0FEF769FB401B35
:1064300041F28831884201D9032061E62D48683055
:106440000068C0F340000028EFD1012F07D1294890
:106450003830006820F0805026493831086000BF8D
:10646000A069002845D02348006800F00C000828E7
:106470005DD0A069022845D100201F490866FEF7BB
:106480003FFB054606E0FEF73BFB401B022801D917
:10649000032035E6174808380068C0F3406000283C
:1064A000F1D1D4E907010843616A40EA8111012270
:1064B000A06AC2EB500041EA00412C20005D41EA95
:1064C00000600C49091F086001200B490866FEF7AF
:1064D00017FB054606E0FEF713FB401B022801D917
:1064E00003200DE6034808380068C0F34060002828
:1064F000F1D049E00838024000004742800E474290
:1065000000700040002021490866FEF7F9FA0546B0
:1065100006E0FEF7F5FA401B022801D90320EFE55B
:106520001B480068C0F340600028F2D12CE0A0694D
:10653000012800D1E4E51648001D0668A06901287D
:1065400020D006F48001E06981421BD106F03F01B2
:10655000206A814216D147F6C0703040616AB0EBC4
:10656000811F0FD106F440310122A06AC2EB500016
:10657000B1EB004F06D106F070612C20005DB1EB4D
:10658000006F01D00120BBE50020B9E500004742C3
:106590000038024070B505460B46164600242868B0
:1065A00040680E4900EA0104200CD870C4F30420AE
:1065B000587004F03F009870C4F3423018705EB910
:1065C000D87806F062F8D870587806F05EF85870FF
:1065D000987806F05AF89870002070BD3FFFFF00D1
:1065E00070B504460B46164600252068806A586040
:1065F00020680069C0F30E009860206800680E49AA
:1066000000EA0105C5F305401870C5F3062058706F
:1066100005F07F009870A80DD8705EB9187806F064
:1066200034F81870587806F030F85870987806F0FA
:106630002CF89870002070BD7F7F7F0070B50446F5
:106640000CB9012070BD607F20B900202077204662
:1066500000F04EF8022060772068C068C0F3001098
:1066600000283CD100BFCA2021684862532021681D
:10667000486200BF204606F020F80546EDB92068C4
:1066800080681A4908402168886021696068084369
:106690006169084321688968084321688860216826
:1066A000E068086120680169208941EA00402168AA
:1066B0000861204606F026F805465DB92068006CA2
:1066C00020F48020216808642068006CA1690843D8
:1066D0002168086400BFFF202168486200E00025AF
:1066E0000DB9012060772846ACE70000BFFF8FFF9F
:1066F0001FB50446002000900190029003900949C4
:10670000206888420CD102200090C00103906846A6
:10671000FFF7E2FA08B1FDF7B7F901200249086076
:106720001FBD0000002800403C0E47422DE9F0410B
:1067300005460C4617464FF0000800BF287F012889
:1067400002D10220BDE8F0810120287700BF02209D
:1067500068774FB9607800F01000102804D1607895
:1067600000F0EF000A30607087B9E07805F098FF1C
:106770000304607805F094FF43EA0023A07805F055
:106780008FFF0343207843EA403809E0E0780004B3
:10679000617840EA0120A1780843217840EA413835
:1067A00000BFCA202968486253202968486200BF98
:1067B000284605F082FF064646B90B4808EA000065
:1067C00029684860284605F09DFF06460EB901205D
:1067D000687700BFFF202968486200BF00BF002023
:1067E000287700BF3046ADE73FFFFF002DE9F041BD
:1067F00004460D4617464FF0000800BF207F0128D1
:1068000002D10220BDE8F0810120207700BF0220E4
:106810006077CFB92068806800F0400000B102E0E6
:106820000020E87000BF287805F03AFF030468787C
:1068300005F036FF43EA0023A87805F031FF034353
:10684000E87843EA805812E02068806800F0400051
:1068500000B102E00020E87000BF287800046978E9
:1068600040EA0120A9780843E97840EA815800BF4E
:10687000CA202168486253202168486200BF204630
:1068800005F01BFF0646B6B9124808EA0000216869
:1068900008602068806820F4802021688860D5E93D
:1068A00003010843216889680843216888602046FD
:1068B00005F028FF06460EB90120607700BFFF20D3
:1068C0002168486200BF00BF0020207700BF30462B
:1068D00098E700007F7F7F0070B5044600250B48D5
:1068E0002168C860FEF70CF9054607E0FEF708F9D5
:1068F000401BB0F57A7F01D9032070BD2068C068C5
:1069000000F020000028F1D00020F6E75F7F0100B2
:1069100010B504460CB9012010BD606A38B9606832
:10692000B0F5827F00D105E00021E16102E00021A5
:10693000216161610021A16294F8510028B9002011
:1069400084F85000204600F047F8022084F85100F7
:106950002068006820F0400021680860A08800F4EA
:106960008270218901F404410843A18901F4006186
:106970000843217C01F002010843217D01F001015F
:106980000843218B01F400710843217F01F0380195
:1069900008432021095D01F080010843218D01F4A5
:1069A00000510843216808600421A06901EA1040F1
:1069B00094F8241001F01001084321684860206811
:1069C000C06920F400602168C86100206065012072
:1069D00084F8510000209FE710B586B004461421CA
:1069E00001A8F9F731FE1B49206888422FD100BF6A
:1069F000002000901848006840F480501649086054
:106A00000846006800F48050009000BF00BF00BF3F
:106A10000020009010481438006840F001000E4932
:106A2000143908600846006800F00100009000BFBB
:106A300000BFE0200190022002900020039003207C
:106A400004900520059001A90448FDF751FF06B008
:106A500010BD0000003001404438024000000240F8
:106A60002DE9FE4F04460F4690461D460C9E012020
:106A70000190FEF745F8814694F851B060680290A5
:106A8000AA46BBF1010F0BD00298B0F5827F04D16A
:106A9000A06810B9BBF1040F02D00220BDE8FE8F40
:106AA0001FB1B8F1000F00D00DB90120F6E700BF0B
:106AB00094F85000012801D10220EFE7012084F86A
:106AC000500000BF94F85100042802D0052084F83B
:106AD000510000206065C4F83880E587A5872763EA
:106AE000E586A586206460642068006800F04000A8
:106AF000402805D02068006840F040002168086008
:106B0000E068B0F5006F52D1606810B1BAF1010FC2
:106B100009D1206B00882168C860206B801C20632D
:106B2000E08E401EE0863BE02068806800F00200B6
:106B3000022810D1E08E70B1019801280BD1206B92
:106B400000882168C860206B801C2063E08E401E96
:106B5000E086002001902068806800F0010068B1A4
:106B6000E08F58B12068C068A16B0880A06B801CC2
:106B7000A063E08F401EE08701200190FDF7C0FF79
:106B8000A0EB0900B0420BD3701C48B1012084F87F
:106B9000510000BF002084F8500000BF03207DE7B3
:106BA000E08E0028C0D1E08F0028BDD152E060689F
:106BB00010B1BAF1010F09D1206B00782168087378
:106BC000206B401C2063E08E401EE0863CE0206885
:106BD000806800F00200022810D1E08E70B10198A8
:106BE00001280BD1206B007821680873206B401CB2
:106BF0002063E08E401EE0860020019020688068BF
:106C000000F0010068B1E08F58B12068C068A16B46
:106C10000870A06B401CA063E08F401EE08701203D
:106C20000190FDF76DFFA0EB0900B04201D3701C8D
:106C300000B94EB9012084F8510000BF002084F84B
:106C4000500000BF032029E7E08E0028BFD1E08F6D
:106C50000028BCD14A463146204605F013FE40B11B
:106C60002020606500BF002084F8500000BF012094
:106C700014E7A06850B900BF002000902068C068E9
:106C8000009020688068009000BF00BF012084F859
:106C9000510000BF002084F8500000BF606D08B1B3
:106CA0000120FBE60020F9E670B504462546681E83
:106CB000B0F1807F01D301200FE0681E4FF0E0218A
:106CC00048610F214FF0FF3007F02CF900204FF002
:106CD000E021886107200861002070BD704770477F
:106CE00010B50346002200BF93F83C00012801D1F3
:106CF000022010BD012083F83C0000BF22F0FF00FD
:106D0000CC6840EA040222F440708C6840EA040235
:106D100022F480604C6840EA040222F400600C68AF
:106D200040EA040222F480500C6940EA040222F492
:106D300000504C6940EA040222F48040CC6940EAE9
:106D400004021868426400BF002083F83C0000BFC2
:106D500000BFCEE730B502460B4600BF92F83C00BC
:106D6000012801D1022030BD012082F83C0000BF83
:106D7000022082F83D00106844681068816824F0A1
:106D800070041868044310684460184D1068A842E5
:106D90001BD01068B0F1804F17D0154D1068A84275
:106DA00013D0144D1068A8420FD0134D1068A8429C
:106DB0000BD0124D1068A84207D0114D1068A842A0
:106DC00003D0104D1068A84205D121F08001586809
:106DD000014310688160012082F83D0000BF00205F
:106DE00082F83C0000BF00BFBDE70000000001408A
:106DF0000004004000080040000C00400004014076
:106E0000004001400018004010B504460CB90120B4
:106E100010BD94F83D0028B9002084F83C002046BD
:106E200000F026F8022084F83D00211D206806F0BD
:106E300015F9012084F8460000BF84F83E000121C6
:106E40003F200155402001554120015500BF00BFA2
:106E5000012084F84200432001554420015545207B
:106E6000015500BF012084F83D000020D0E700005C
:106E700038B504462449206888420FD100BF00205D
:106E800000902248006840F0010020490860084650
:106E9000006800F00100009000BF34E02068B0F10D
:106EA000804F1AD100BF002000901848001F0068D2
:106EB00040F001001549091F08600846006800F00D
:106EC0000100009000BF00BF002201211C20FEF73E
:106ED000B1FE1C20FEF79AFE15E00D49206888429D
:106EE00011D100BF002000900848001F006840F446
:106EF00080700649091F08600846006800F4807029
:106F0000009000BF00BF38BD00000140443802407F
:106F100000200040014691F83D00012801D00120E9
:106F20007047022081F83D001A4B086898421BD038
:106F30000868B0F1804F17D0174B0868984213D0FB
:106F4000164B086898420FD0154B086898420BD032
:106F5000144B0868984207D0134B0868984203D036
:106F6000124B086898420CD10868806800F007024C
:106F7000062A0CD00868006840F001000B68186011
:106F800005E00868006840F001000B681860002008
:106F9000C6E7000000000140000400400008004077
:106FA000000C004000040140004001400018004077
:106FB000014691F83D00012801D0012070470220D0
:106FC00081F83D000868C06840F001000B68D86097
:106FD0001A4B086898421BD00868B0F1804F17D050
:106FE000174B0868984213D0164B086898420FD088
:106FF000154B086898420BD0144B0868984207D08C
:10700000134B0868984203D0124B086898420CD181
:107010000868806800F00702062A0CD0086800683B
:1070200040F001000B68186005E00868006840F057
:1070300001000B6818600020C0E70000000001405C
:107040000004004000080040000C00400004014023
:107050000040014000180040014600BF0868006A77
:1070600041F21112104050B90868006A92101040A5
:1070700028B90868006820F001000A68106000BFA5
:10708000012081F83D00002070472DE9F0410446C1
:107090000D46002700BF94F83C00012802D10220D1
:1070A000BDE8F081012084F83C0000BF022084F894
:1070B0003D002068866826F0770626F47F46206823
:1070C00086602868502833D00CDC202850D004DC9F
:1070D00000284BD0102851D149E0302849D0402811
:1070E0004CD139E060282DD0702807D0B0F5805FF2
:1070F00003D0B0F5005F41D10DE041E0D5E90213C6
:107100006A68206806F02BF82068866846F07706E3
:107110002068866034E0D5E902136A68206806F0CA
:107120001EF82068806840F480402168886027E06D
:10713000EA686968206806F003F95021206806F0C3
:1071400019F81DE0EA686968206806F00CF960210A
:10715000206806F00FF813E0EA686968206806F016
:10716000EFF84021206806F005F809E000BF00BFF5
:1071700000BF2968206805F0FDFF01E0012700BF7E
:1071800000BF012084F83D0000BF002084F83C00CF
:1071900000BF384684E72DE9F04104460D4614B996
:1071A0000120BDE8F08194F83D0028B9002084F862
:1071B0003C00204600F054F8022084F83D0020688E
:1071C000806844F20701884321688860211D206897
:1071D00005F044FF2068D0F80880206886692068A0
:1071E000076A286840EA080840F203308643A96924
:1071F000A86840EA0120064340F60C4086434FF25F
:10720000F0008643E969E86840EA012006432869FE
:107210000001296A40EA0130064327F0220727F0DF
:1072200088076969686840EA011007432068C0F868
:1072300008802068866120680762012084F8460083
:1072400084F83E0001213F200155012084F84200CE
:1072500043200155012084F83D000020A1E70000F3
:1072600010B586B00446142101A8F9F7EDF93549A7
:10727000206888422FD100BF00200090324800686B
:1072800040F00200304908600846006800F0020043
:10729000009000BF00BF00BF002000902A481038B7
:1072A000006840F00200284910390860084600686C
:1072B00000F00200009000BF00BF302001900220CB
:1072C00002900020039004900220059001A91F481D
:1072D000FDF70EFB33E01E49206888422FD100BF26
:1072E000002000901848006840F00400164908602B
:1072F0000846006800F00400009000BF00BF00BF17
:107300000020009010481038006840F008000E4936
:10731000103908600846006800F00800009000BFBF
:1073200000BF4FF4405001900220029000200390D3
:1073300004900220059001A90648FDF7D9FA06B08D
:1073400010BD00000004004040380240000402402C
:1073500000080040000C02402DE9F04304460D46B1
:1073600094F83E603F20075D94F84280432010F877
:1073700004906DB9012E02D1B8F1010F02D00120A5
:10738000BDE8F083022084F83E0084F8420025E046
:10739000042D0CD1012F02D1B9F1010F01D0012030
:1073A000EEE702213F2001554320015516E0012E52
:1073B00007D1012F05D1B8F1010F02D1B9F1010FA9
:1073C00001D00120DCE7022084F83E0002213F20AA
:1073D0000155022084F842004320015515B1042DC7
:1073E0000CD105E001220021206805F0A7FE10E085
:1073F00001220421206805F0A1FE0AE001220021FB
:10740000206805F09BFE01220421206805F096FE0D
:1074100000BF00BF2068006840F0010021680860DC
:107420000020ADE7704770B504462068C568206845
:10743000066906F00200022819D105F002000228B0
:1074400015D1401F216808610120207720688069DC
:1074500000F0030018B12046FFF7E4FF05E02046E6
:1074600000F0CAF8204600F07EF90020207706F0F0
:107470000400042819D105F00400042815D1C043E4
:1074800021680861022020772068806900F440703C
:1074900018B12046FFF7C6FF05E0204600F0ACF823
:1074A000204600F060F90020207706F00800082848
:1074B00019D105F00800082815D1C04321680861DA
:1074C000042020772068C06900F0030018B120462E
:1074D000FFF7A8FF05E0204600F08EF8204600F0F8
:1074E00042F90020207706F01000102819D105F08D
:1074F0001000102815D1C0432168086108202077AA
:107500002068C06900F4407018B12046FFF78AFF78
:1075100005E0204600F070F8204600F024F9002035
:10752000207706F0010048B105F0010030B16FF09E
:10753000010021680861204600F09CF906F08000F7
:10754000802809D105F08000802805D1C04321683A
:1075500008612046FFF7C2FB06F04000402809D131
:1075600005F04000402805D1C0432168086120464D
:1075700000F0ACF906F02000202809D105F0200029
:10758000202805D1C043216808612046FFF7A7FBEA
:1075900070BD000010B586B00446142101A8F9F7AB
:1075A00053F81249206888421DD100BF0020009086
:1075B0000F48006840F010000D4908600846006858
:1075C00000F01000009000BF00BF4FF4D4400190C5
:1075D000022002900020039004900120059001A950
:1075E0000448FDF785F906B010BD00000000014019
:1075F000303802400010024070472DE9F041044647
:107600000D461646002700BF94F83C00012802D121
:107610000220BDE8F081012084F83C0000BF36B1B3
:10762000042E1BD0082E31D00C2E5ED145E0294609
:10763000206805F0A9FD2068806940F008002168F5
:1076400088612068806920F00400216888612068D2
:107650008069296908432168886148E029462068D3
:1076600005F0CAFD2068806940F4006021688861E7
:107670002068806920F480602168886120688069C2
:10768000296940EA01202168886130E029462068A4
:1076900005F0F0FD2068C06940F008002168C8616D
:1076A0002068C06920F004002168C8612068C069B2
:1076B000296908432168C86119E02946206805F056
:1076C00015FE2068C06940F400602168C861206828
:1076D000C06920F480602168C8612068C069296998
:1076E00040EA01202168C86101E0012700BF00BF16
:1076F00000BF002084F83C0000BF384689E710B581
:1077000004460CB9012010BD94F83D0028B90020B2
:1077100084F83C00204600F025F8022084F83D0063
:10772000211D206805F09AFC012084F8460000BF66
:1077300084F83E0001213F200155402001554120A1
:10774000015500BF00BF012084F8420043200155CD
:10775000442001554520015500BF012084F83D001B
:107760000020D0E77047704770B504460D4615B944
:1077700094F83E000BE0042D02D13F20005D06E0AE
:10778000082D02D14020005D01E04120005D01286C
:1077900001D0012070BD1DB9022084F83E000EE02A
:1077A000042D03D102213F20015508E0082D03D10B
:1077B00002214020015502E0022141200155012211
:1077C0002946206805F0BAFC23492068884203D086
:1077D00022492068884201D1012000E0002028B120
:1077E0002068406C40F40040216848641A492068D1
:1077F00088421BD02068B0F1804F17D0184920680C
:10780000884213D01749206888420FD01649206853
:1078100088420BD011492068884207D0134920685C
:10782000884203D01249206888420CD120688068C1
:1078300000F00706062E0CD02068006840F001001A
:107840002168086005E02068006840F001002168B8
:10785000086000209EE70000000001400004014095
:107860000004004000080040000C004000400140BF
:107870000018004010B50446114920680968884284
:1078800000D010BD0F480078401CC0B20D490870F0
:107890000A2803DB0020087002F062FC0A48007826
:1078A000401CC0B2084908700A2807DB0020087095
:1078B000FCF7A2F8FCF76AFC04F0CAFD00BFE0E7A1
:1078C0007CB50020B0B30020B1B300207047F8B5FC
:1078D00004460D46164694F8420020282DD105B1E5
:1078E0000EB90120F8BD01202063002060633246FC
:1078F0002946204605F0FCFF0746206B012819D1D8
:1079000000BF002000902068006800902068406858
:10791000009000BF00BF00BF00BF21680C3151E8DC
:10792000001F41F0100021680C3141E80002002ADC
:10793000F3D100E001273846D4E70220D2E7000067
:1079400070B504460D4649492068884218D1204642
:1079500000F0BEF82A464649464808F0A2F98021C0
:107960004348F8F771FE802241494348FFF7AFFFD3
:1079700042480068006820F0080040490968086033
:107980003F492068884218D1204600F0A1F82A46D5
:107990003C493D4808F085F980213A48F8F754FE03
:1079A000802238493948FFF792FF3948006800685B
:1079B00020F0080036490968086036492068884286
:1079C00018D1204600F084F82A463349334808F09D
:1079D00068F980213048F8F737FE80222E49304878
:1079E000FFF775FF2F480068006820F008002D4958
:1079F000096808602C492068884218D1204600F0A8
:107A000067F82A4629492A4808F04BF98021274877
:107A1000F8F71AFE802225492648FFF758FF264826
:107A20000068006820F008002349096808602349BD
:107A30002068884218D1204600F04AF82A4620499A
:107A4000204808F02EF980211D48F8F7FDFD80221E
:107A50001B491D48FFF73BFF1C480068006820F0E9
:107A600008001A490968086070BD00000010014054
:107A7000A0D30020A0D400202CB70020C4B8002040
:107A8000004400402CD500202CD6002074B70020E4
:107A900024B90020004C0040B8D60020B8D7002000
:107AA0009CB6002004B800200050004044D80020BC
:107AB00044D90020E4B6002064B80020001401403E
:107AC000D0D90020D0DA0020BCB7002084B9002033
:107AD00070B50446002520684069C0F3C01594F8CD
:107AE0004100212817D1B5B100BF00BF2168143172
:107AF00051E8001F21F080002168143141E80002A4
:107B0000002AF3D100BFA06B10B1A06BFCF78AFC78
:107B1000204605F046FD20684069C0F3801594F8C2
:107B20004200222817D1B5B100BF00BF216814312F
:107B300051E8001F21F040002168143141E80002A3
:107B4000002AF3D100BFE06B10B1E06BFCF76AFCD8
:107B5000204605F0E0FC002070BD70472DE9F84F8D
:107B60000446206805682068C668206847694FF0A9
:107B70000009CA4605F00F09B9F1000F0AD105F056
:107B8000200038B106F0200020B1204605F01CFD91
:107B9000BDE8F88FB9F1000F7CD007F0010018B9EB
:107BA00006F49070002875D005F0010030B106F49D
:107BB000807018B1606C40F00100606405F0040052
:107BC00030B107F0010018B1606C40F00200606451
:107BD00005F0020030B107F0010018B1606C40F010
:107BE0000400606405F0080048B106F0200010B9F8
:107BF00007F0010018B1606C40F008006064606C30
:107C0000002846D005F0200028B106F0200010B171
:107C1000204605F0D9FC20684069C0F3801A606CEA
:107C200000F0080010B9BAF1000F2DD0204605F081
:107C300072FC2068406900F04000402820D100BF5D
:107C400000BF2168143151E8001F21F04000216875
:107C5000143141E80002002AF3D100BFE06B50B1BB
:107C60007F48E16B0865E06BFCF732FC88B1E06BA4
:107C7000016D88470DE02046FFF76FFF09E009E03E
:107C80002046FFF76AFF04E02046FFF766FF00206A
:107C900060647DE7206B012878D105F01000002892
:107CA00074D006F010000028FAD000BF0020009029
:107CB00020680068009020684068009000BF00BF06
:107CC0002068406900F04000402870D1E06B0068F7
:107CD00040681FFA80F8B8F1000F58D0A08D4045D9
:107CE00055DDA4F82E80E06BC069B0F5807F43D0ED
:107CF00000BF00BF21680C3151E8001F21F48070E3
:107D000021680C3141E80002002AF3D100BF00BF16
:107D100000BF2168143151E8001F21F001002168E3
:107D2000143141E80002002AF3D100BF00BF00BFB8
:107D30002168143151E8001F21F0400021681431FE
:107D400041E80002002AF3D100BF202084F842005D
:107D50000020206300BF00BF21680C3151E8001FE4
:107D600021F0100021680C3141E80002002AF3D113
:107D700000BFE06BFCF756FB02206063A08DE28D34
:107D8000801A81B22046FFF7DBFD0EE052E0A08DA5
:107D900040450AD1E06BC069B0F5807F05D1022073
:107DA0006063A18D2046FFF7CBFDF1E6FFE7A08DD4
:107DB000E18D401A1FFA80F8E08DD0B3B8F1000FC2
:107DC00037D000BF00BF21680C3151E8001F21F4FB
:107DD000907021680C3141E80002002AF3D100BF05
:107DE00000BF00BF2168143151E8001F21F00100DD
:107DF0002168143141E80002002AF3D100BF20209D
:107E000084F842000020206300BF00BF21680C31CD
:107E100051E8001F21F0100021680C3141E80002F8
:107E2000002AF3D100BF0220606341462046FFF7DD
:107E300087FDADE605F0800030B106F0800018B196
:107E4000204605F0C1FDA3E605F0400030B106F084
:107E5000400018B1204605F094FB99E600BF97E674
:107E6000DDD3000810B504460CB9012010BDA0698F
:107E700000B100E000BF94F8410028B9002084F868
:107E80004000204600F02AF8242084F841002068B1
:107E9000C06820F400502168C860204605F012FC3C
:107EA0002068006920F490402168086120684069DA
:107EB00020F02A00216848612068C06840F4005022
:107EC0002168C86000206064202084F8410084F8A4
:107ED00042000020606300BFC8E7000010B586B014
:107EE0000446142101A8F8F7AFFBF3492068884243
:107EF00054D100BF00200090F048006840F40020FA
:107F0000EE4908600846006800F40020009000BFB9
:107F100000BF00BF00200090E8481038006840F023
:107F20000100E649103908600846006800F00100C9
:107F3000009000BF00BF03200190022002900020AB
:107F40000390032004900820059001A9DC48FCF769
:107F5000CFFCDC48DC490860400548600021DA4875
:107F60008160C1604FF480610161002141618161E4
:107F7000C16101624162FCF7E7FB08B1FBF784FDD8
:107F800000BFD148E063846300BF00220121342098
:107F9000FDF750FE3420FDF739FE8AE1CB49206819
:107FA000884273D100BF00200090C448006840F4AC
:107FB0008010C24908600846006800F480100090F4
:107FC00000BF00BF00BF00200090BC481038006810
:107FD00040F00400B949103908600846006800F014
:107FE0000400009000BF00BF00BF002000900846C2
:107FF000006840F0080008600846006800F00800CB
:10800000009000BF00BF8814019002200290002061
:108010000390032004900820059001A9AC48FCF7C8
:1080200067FC0420019002200290002003900320AE
:1080300004900820059001A9A648FCF759FCA14826
:108040003038A5490860C00548600021A248816019
:10805000C1604FF480610161002141618161C161B2
:1080600001624162FCF770FB08B1FBF70DFD00BF38
:108070009948E063846300BF002201213520FDF7A9
:10808000D9FD3520FDF7C2FD13E1FFE793492068D4
:10809000884258D100BF002000908848001D006829
:1080A00040F010008549091D08600846006800F08E
:1080B0001000009000BF00BF00BF002000907F486C
:1080C0001038006840F001007C491039086008460B
:1080D000006800F00100009000BF00BF4FF4C060D6
:1080E00001900220029000200390032004900720BA
:1080F000059001A97248FCF7FBFB794879490860B3
:108100004FF000604860002176488160C1604FF404
:1081100080610161002141618161C161016241624F
:10812000FCF712FB08B1FBF7AFFC00BF6D48E06342
:10813000846300BF002201212520FDF77BFD25205F
:10814000FDF764FDB5E068492068884256D100BF5C
:10815000002000905948006840F4003057490860FA
:108160000846006800F40030009000BF00BF00BF68
:108170000020009051481038006840F001004F493D
:10818000103908600846006800F00100009000BF48
:1081900000BF0C20019002200290002003900320D9
:1081A00004900720059001A94548FCF7A1FB45482C
:1081B00048304E4908604FF00060486000214B484D
:1081C0008160C1604FF48061016100214161816182
:1081D000C16101624162FCF7B7FA08B1FBF754FCD8
:1081E00000BF4248E063846300BF002201212620D3
:1081F000FDF720FD2620FDF709FD5AE03C492068E7
:10820000884256D100BF002000902C48001D006815
:1082100040F020002949091D08600846006800F068
:108220002000009000BF00BF00BF00200090234846
:108230001038006840F004002049103908600846F2
:10824000006800F00400009000BF00BFC020019053
:108250000220029000200390032004900820059043
:1082600001A91B48FCF744FB1D4818382149086048
:108270008005486000211F488160C1604FF4806123
:108280000161002141618161C16101624162FCF7CC
:108290005BFA08B1FBF7F8FB00BF1648E0638463A4
:1082A00000BF002201214720FDF7C4FC4720FDF755
:1082B000ADFC06B010BD0000004C0040403802404C
:1082C000000002404060024004B80020005000401E
:1082D00000080240000C024064B800200010014079
:1082E00040640240C4B800200044004024B900208B
:1082F0000014014084B90020704770472DE9F84F01
:1083000004460E46174699464FF0000A94F841007D
:10831000202850D106B117B90120BDE8F88F002000
:108320006064212084F84100FCF7EAFB8246A784C0
:10833000E784A068B0F5805F04D1206910B90025FA
:10834000B04602E035464FF000081EE053460022DA
:1083500080212046CDF8009005F066FB20B120205A
:1083600084F841000320D8E745B9B8F80000C0F30D
:1083700008002168486008F1020803E028782168B5
:1083800048606D1CE08C401EE084E08C0028DDD14C
:108390005346002240212046CDF8009005F044FBD2
:1083A00020B1202084F841000320B6E7202084F883
:1083B00041000020B1E70220AFE710B5034693F873
:1083C0004100202813D101B10AB9012010BD196262
:1083D0009A84DA8400205864212083F841001868C8
:1083E000C06840F080001C68E0600020EEE70220DA
:1083F000ECE7000038B5054600200B4908706946D7
:108400000A4807F01BFC04466CB1012006490870BD
:10841000A2B2074800990068FFF7CFFFA2B200217F
:10842000024807F0A1FB38BD7C02002094D3002055
:108430008002002000BFFEE710B50248FCF768FB91
:1084400010BD000008B40020C16AB1F52A0F02D1A6
:108450000121C16205E0C16AB1F12A4F01D10821B1
:10846000C1627047F8B5054600200090AC6B94F8E7
:108470003D60394800681921B0FBF1F04FF47A7182
:10848000B0FBF1F0C0EBC00000EB8000009000BF3B
:10849000009820B9206C40F02000206409E000988A
:1084A000401E00902068006800F40070B0F5007F66
:1084B000EED000BF606B10B10020616BC863A06B91
:1084C00010B10020A16BC8632068006820F48060B0
:1084D0002168086000206085606B10B10020616B2E
:1084E0000865A06B10B10020A16B086520680068CA
:1084F00020F001002168086094F83D0060280AD14E
:10850000202084F83D00002084F83E0020642046AE
:10851000FCF7FCFA1EE006F02800282811D120689C
:10852000006840F00100216808602068006840F49D
:1085300080602168086000202063282084F83D00C6
:1085400005E0202084F83D00002084F83E0020460D
:10855000FCF7CBFBF8BD00000C00002070B5054611
:10856000AC6B606B10B10020616BC863A06B10B185
:108570000020A16BC8632846FBF7BEFF022814D079
:108580002068006820F48060216808600020608511
:10859000202084F83D00002084F83E00206C40F04C
:1085A000100020642046FCF7A0FB70BD2DE9F041CF
:1085B0000746BC6B94F83D6094F83E80E56A2068FD
:1085C000406820F4407021684860606B10B1002062
:1085D000616BC863A06B10B10020A16BC86306F08B
:1085E0002100212806D006F02200222826D1B8F149
:1085F000200F23D12068406820F400602168486083
:1086000000206085292E08D121202063282084F8AD
:108610003D002046FDF785FA09E02A2E07D12220E9
:108620002063282084F83D002046FDF779FA206871
:10863000406840F440702168486054E094F83E007F
:10864000002850D0608D012805D12068006820F4F2
:108650008060216808602068406820F440702168CC
:10866000486015F5803F06D0082D04D0B5F12A4F9B
:1086700001D0202D05D12068006840F400702168E9
:1086800008602068406820F48050216848602068B5
:10869000406820F400602168486000206085206CFC
:1086A00018B12046FCF721FB1DE0202084F83D0096
:1086B00094F83E00402807D1002084F83E00206353
:1086C0002046FCF73DFE0EE0002084F83E00082D19
:1086D00001D0202D02D10020206301E01220206370
:1086E0002046FCF7ECFBBDE8F08101684969C1F365
:1086F000C01111B100210268116170472DE9F041EC
:10870000044694F83D6094F83E70102F01D0402F3D
:1087100007D1222E05D12068006820F4006021686E
:10872000086006F02800282805D1002020632820B2
:1087300084F83D0010E02068406800F40060B0F567
:10874000006F07D0602E05D0202084F83D00002067
:1087500084F83E00002020632068406800F4006038
:10876000B0F5006F40D12068406820F400602168B7
:108770004860606B90F83500012814D04848616B60
:108780000865606BFBF7A4FE00285BD020680068DA
:1087900020F0010021680860202084F83D00606B13
:1087A000016D88474EE03E48A16B0865A06BFBF762
:1087B0008FFE002846D020684069C0F3801030B199
:1087C00020680069616A0870606A401C6062206805
:1087D000006820F0010021680860202084F83D0036
:1087E000A06B016D88472DE094F83D0060281AD1F8
:1087F000202084F83D000020206420684069C0F3F8
:10880000801030B120680069616A0870606A401C9D
:1088100060622068006820F001002168086020463E
:10882000FCF774F90EE020684069C0F3801030B1A5
:1088300020680069616A0870606A401C60622046B6
:10884000FCF753FA256C05F0010058B905F0020059
:10885000022807D005F00400042803D005F0080022
:10886000082805D12068406820F4E060216848604D
:1088700094F83D60206C00F0040004280ED1282EEE
:108880000CD10848E06200202063202084F83D00DD
:10889000002084F83E002046FCF710FBBDE8F08184
:1088A000658400080000FFFF014608684069C0F3C6
:1088B0008020B0B16FF480600A68506100200863C6
:1088C000202081F83D00002081F83E00086C40F037
:1088D0000400086400BF002081F83C0000BF0120B4
:1088E00070470020FCE770B50446E56A608D0428F7
:1088F00010D12068406820F48060216848602068BA
:108900000069616A0870606A401C6062608D401E88
:1089100060857FE0608D03281AD12068406820F4CC
:10892000806021684860042D07D0022D05D02068A2
:10893000006820F480602168086020680069616A2E
:108940000870606A401C6062608D401E608561E056
:10895000608D022854D1012D01D0102D06D1206840
:10896000006820F480602168086010E0042D01D0C8
:10897000022D06D12068006840F4806021680860FC
:1089800005E02068006840F40070216808602068F5
:108990000069616A0870606A401C6062608D401EF8
:1089A000608520680069616A0870606A401C6062C6
:1089B000608D401E60852068406820F4407021680A
:1089C0004860202084F83D0094F83E00402807D1FC
:1089D000002084F83E0020632046FCF7B1FC19E03B
:1089E000002084F83E00082D01D0202D02D1002067
:1089F000206301E0122020632046FCF760FA09E0C2
:108A000020680069616A0870606A401C6062608D5D
:108A1000401E608570BD70B5044694F83D00222864
:108A20007AD1E66A658D032D13D920680069616AE1
:108A30000870606A401C6062608D401E6085608DB9
:108A4000032868D12068406820F48060216848606D
:108A500061E0E06A022858D0012D01D0002D54D1E8
:108A6000204600F0E1FFA0BB2068006820F4806091
:108A7000216808602068406820F4E0602168486050
:108A800020680069616A0870606A401C6062608DDD
:108A9000401E6085202084F83D0094F83E00402868
:108AA00007D1002084F83E0020632046FCF748FCF4
:108AB00031E0002084F83E00082E01D0202E02D1A3
:108AC0000020206301E0122020632046FCF7F7F924
:108AD00021E0FFE72068406820F4E06021684860FA
:108AE00020680069616A0870606A401C6062608D7D
:108AF000401E6085202084F83D00002084F83E0060
:108B00002046FCF7F2F806E006E02068406820F412
:108B100080602168486000BF70BD00002DE9F84307
:108B200004460D4690461E46E76A2068006840F4F9
:108B3000806021680860082F04D0012F02D017F54B
:108B4000803F06D12068006840F48070216808608A
:108B500008E0206B112805D12068006840F480707F
:108B600021680860434600224FF00111204600961C
:108B700000F039FE60B12068006800F48070B0F544
:108B8000807F02D14FF4007020640320BDE8F88399
:108B90002069B0F5804F05D1E8B240F001002168AE
:108BA000086149E005F44070F02141EAE0102168D5
:108BB0000861334642462649204600F073FE08B15C
:108BC0000120E3E7E8B221680861334642462049C4
:108BD000891F204600F066FE08B10120D6E700BFDD
:108BE0000020009020684069009020688069009013
:108BF00000BF00BF2068006840F4807021680860F2
:108C0000434600224FF001112046009600F0EBFD94
:108C100058B12068006800F48070B0F5807F02D100
:108C20004FF4007020640320B0E705F44070F12198
:108C300041EAE01021680861334642460449891F31
:108C4000204600F02FFE08B101209FE700209DE79D
:108C5000080001002DE9F84304460D4617469846E2
:108C6000E66A082E04D0012E02D016F5803F06D108
:108C70002068006840F480702168086008E0206B7C
:108C8000122805D12068006840F4807021680860CF
:108C90003B4600224FF001112046CDF8008000F045
:108CA000A2FD60B12068006800F48070B0F5807F9C
:108CB00002D14FF4007020640320BDE8F8832069DE
:108CC000B0F5804F04D105F0FE002168086112E084
:108CD00005F44070F02141EAE01021680861434644
:108CE0003A460B49204600F0DDFD08B10120E4E7DB
:108CF000E8B22168086143463A460549891F204683
:108D000000F0D0FD08B10120D7E70020D5E7000032
:108D10000800010070B50446E56A94F83D0021287A
:108D200047D1608D50B1606A007821680861606A3F
:108D3000401C6062608D401E60853AE0082D16D0B0
:108D4000202D14D015F5803F11D02068406820F404
:108D5000E0602168486011202063002084F83E0014
:108D6000202084F83D002046FCF7AAF821E0206886
:108D7000406820F4E060216848602068006840F4A2
:108D800000702168086000202063202084F83D00E6
:108D900094F83E00402806D1002084F83E0020468A
:108DA000FCF7D0FA05E0002084F83E002046FCF7EE
:108DB00087F870BD2DE9F041044694F83D5094F8D1
:108DC0003E70E66A208DB0BB212D3CD1082E16D016
:108DD000202E14D016F5803F11D02068406820F472
:108DE000E0602168486011202063002084F83E0084
:108DF000202084F83D002046FCF762F844E020681B
:108E0000406820F4E060216848602068006840F411
:108E100000702168086000202063202084F83D0055
:108E200094F83E00402807D1002084F83E002046F8
:108E3000FCF788FA28E006E0002084F83E0020468F
:108E4000FCF73EF820E0212D03D0402F1CD1222D2D
:108E50001AD1608D30B92068406820F480602168A4
:108E6000486011E094F83E00402803D1204600F00D
:108E7000A5F909E0606A007821680861606A401C11
:108E80006062608D401E6085BDE8F081416CC9B2B2
:108E900002681161416B11B1416BC96B21B9816BE2
:108EA00041B1816BC96B29B10168496841F4006126
:108EB00002685160704738B590F83E20C16A036B74
:108EC00090F83D40222C73D1046D64B9402A0AD138
:108ED00000BF002400940468646900940468A469D5
:108EE000009400BF1AE1046DC4B90469B4F5404FA1
:108EF00014D100BF002400940468646900940468DD
:108F0000A469009400BF00BF0468246844F480741E
:108F100005682C60046D641C0465FFE0448D8CB909
:108F200000BF002400940468646900940468A46984
:108F3000009400BF00BF0468246844F4007405680E
:108F40002C60DDE0448D012C72D111F5803F30D1D1
:108F50000468246824F4806405682C6004686468EC
:108F600004F40064B4F5006F10D10468246824F49C
:108F7000806405682C6000BF002400940468646964
:108F800000940468A469009400BFB9E000BF002405
:108F900000940468646900940468A469009400BFA4
:108FA00000BF0468246844F4007405682C60A7E0DE
:108FB000A9E0082923D0202921D0122B01D1012991
:108FC0001DD104290AD0022908D0102906D004682E
:108FD000246824F4806405682C6005E00468246833
:108FE00044F4806405682C6000BF00240094046889
:108FF000646900940468A469009400BF80E0046878
:10900000246824F4806405682C6000BF0024009468
:109010000468646900940468A469009400BF00BFF8
:109020000468246844F4007405682C6068E0FFE775
:10903000448D022C3BD1042910D002290ED01029D6
:109040000CD00468246824F4806405682C600468EB
:10905000246844F4006405682C6005E00468246812
:1090600044F4806405682C600468646804F4006457
:10907000B4F5006F10D111F5803F07D0012905D05C
:10908000082903D0102901D0202905D1046864687B
:1090900044F4805405686C6000BF002400940468A8
:1090A000646900940468A469009400BF28E004681F
:1090B000246844F4806405682C600468646804F4DF
:1090C0000064B4F5006F10D111F5803F07D001297D
:1090D00005D0082903D0102901D0202905D1046822
:1090E000646844F4805405686C6000BF00240094F8
:1090F0000468646900940468A469009400BF00BF18
:10910000002404650AE000BF002400940468646938
:1091100000940468A469009400BF00BF38BD90F8B3
:109120003E1040290ED1016D29B9416C01F0FE01BC
:109130000268116141E0416CC9B241F0010102686D
:1091400011613AE00169B1F5804F20D190F83D10EE
:10915000212905D1416C01F0FE010268116105E091
:10916000416CC9B241F0010102681161416B11B15A
:10917000416BC96B21B9816BF9B1816BC96BE1B1ED
:109180000168496841F400610268516015E0016DB1
:1091900041B9416C01F44071F02242EAE1110268E8
:1091A00011610AE0016D012907D1416C01F44071A0
:1091B000F12242EAE11102681161704770B504467C
:1091C00094F83D50206D98B9E06C012807D1A06C4F
:1091D000C0B221680861206D801C206550E0A06C41
:1091E000C0F3072021680861206D401C206547E01E
:1091F000206D012807D1A06CC0B221680861206DE4
:10920000401C20653CE0206D022836D1222D09D17A
:109210002068006840F4807021680860206D401C60
:1092200020652DE0608D60B1212D0AD1606A007843
:1092300021680861606A401C6062608D401E608524
:109240001EE0608DE0B9212D1AD12068406820F41D
:10925000E060216848602068006840F40070216880
:10926000086000202063202084F83D00002084F85E
:109270003E002046FCF766F802E02046FFF735FA8C
:1092800070BD00002DE9F84304460F461546994687
:10929000DDE908862068006840F480602168086085
:1092A0002068006840F4807021680860434600220E
:1092B0004FF001112046009600F095FA60B1206849
:1092C000006800F48070B0F5807F02D14FF4007028
:1092D00020640320BDE8F88307F0FE0021680861E0
:1092E000334642463E49204600F0DCFA08B10120F0
:1092F000F0E700BF002000902068406900902068DF
:109300008069009000BF00BF32464146204600F011
:10931000B3FB50B1206C042805D12068006840F4EC
:109320000070216808600120D4E7B9F1010F03D172
:10933000E8B22168086117E0C5F3072021680861D9
:1093400032464146204600F097FB50B1206C04287D
:1093500005D12068006840F4007021680860012091
:10936000B8E7E8B22168086132464146204600F07D
:1093700083FB50B1206C042805D12068006840F4BC
:109380000070216808600120A4E72068006840F4AC
:10939000807021680860434600224FF0011120468A
:1093A000009600F020FA58B12068006800F4807040
:1093B000B0F5807F02D14FF400702064032089E76C
:1093C000F8B240F001002168086133464246044982
:1093D000204600F067FA08B101207BE7002079E71A
:1093E000020001002DE9F8430446884615469946D7
:1093F000DDE908672068006840F480702168086033
:10940000334600224FF001112046009700F0EBF99F
:1094100060B12068006800F48070B0F5807F02D1F0
:109420004FF4007020640320BDE8F88308F0FE00CC
:10943000216808613B4632462149204600F032FA55
:1094400008B10120F0E700BF0020009020684069CB
:10945000009020688069009000BF00BF3A46314606
:10946000204600F009FB50B1206C042805D120688B
:10947000006840F40070216808600120D4E7B9F169
:10948000010F03D1E8B22168086117E0C5F3072096
:10949000216808613A463146204600F0EDFA50B1A5
:1094A000206C042805D12068006840F40070216811
:1094B00008600120B8E7E8B2216808610020B3E73E
:1094C00002000100418D49B101680969426A1170C9
:1094D000416A491C4162418D491E4185704770B502
:1094E000044694F83D50608DD8B120680069616AE7
:1094F0000870606A401C6062608D401E6085608DEF
:1095000078B92A2D0DD12068406820F48060216848
:10951000486022202063282084F83D002046FCF784
:10952000FFFA70BD418D49B1416A09780268116145
:10953000416A491C4162418D491E4185704770B5A1
:10954000044694F83D50608DD8B1606A0078216877
:109550000861606A401C6062608D401E6085608D9D
:1095600078B9292D0DD12068406820F480602168E9
:10957000486021202063282084F83D002046FCF725
:10958000D0FA70BDF8B504460D46002794F83D00AA
:1095900000F0280028281CD12068406820F4806052
:1095A00021684860C5F3800000B90127C5F3C010E9
:1095B00010B9A08986B201E0208B86B200BF0020DE
:1095C00084F83C0000BF324639462046FBF79FFA3C
:1095D0000FE000BF002000902068406900902068E4
:1095E0008069009000BF00BF00BF002084F83C00ED
:1095F00000BFF8BD38B5044694F83D502068406877
:1096000020F4E0602168486000BF002000902068DE
:10961000406900902068006840F0010021680860FF
:1096200000BF00BF2068006820F4806021680860E7
:109630002068406800F40060B0F5006F42D1222D30
:1096400001D02A2D1FD1A06B006840686085608D15
:1096500018B1206C40F0040020642068406820F4B9
:10966000006021684860A06BFAF749FF012829D003
:109670004148A16B0865A06BFAF72AFF10B3A06BF5
:10968000016D88471EE0606B006840686085608DF2
:1096900018B1206C40F0040020642068406820F479
:1096A000006021684860606BFAF729FF012809D043
:1096B0003148616B0865606BFAF70AFF10B1606BA7
:1096C000016D8847608D18B320684069C0F3800041
:1096D00048B120680069616A0870606A401C606275
:1096E000608D401E608520684069C0F3801048B1DD
:1096F00020680069616A0870606A401C6062608D61
:10970000401E6085608D18B1206C40F0040020641C
:10971000206C18B12046FEF7F1FF2BE02A2D07D16F
:1097200000202063282084F83D002046FCF7F8F94B
:1097300094F83D0028280DD11048E06200202063F5
:10974000202084F83D00002084F83E002046FBF7EE
:10975000B5FB0FE0206B222801D0222D0AD100207A
:109760002063202084F83D00002084F83E0020463D
:10977000FCF7D6F938BD0000658400080000FFFF43
:1097800070B504460D46164625E02046FFF78CF8D6
:1097900008B1012070BD681CE8B1FBF7B1F9801B6E
:1097A000A84200D8BDB920684069C0F3800090B9D4
:1097B00000202063202084F83D00002084F83E0033
:1097C000206C40F02000206400BF002084F83C00A2
:1097D00000BF0120DEE720684069C0F38000002858
:1097E000D3D00020D6E72DE9F04104460D461746B8
:1097F0001E46DDF8188038E0701CA8B3FBF780F92E
:10980000A0EB0800B04200D876BBC5F307400128A2
:109810000AD120684069A9B20840A9B2884201D1A2
:1098200001200BE0002009E020688069A9B208400F
:10983000A9B2884201D1012000E00020B84214D131
:1098400000202063202084F83D00002084F83E00A2
:10985000206C40F02000206400BF002084F83C0011
:1098600000BF0120BDE8F081FFE7C5F307400128F4
:109870000AD120684069A9B20840A9B2884201D142
:1098800001200BE0002009E020688069A9B20840AF
:10989000A9B2884201D1012000E00020B842ABD03B
:1098A0000020DFE72DE9F04104460D4616461F462D
:1098B00058E020684069C0F38020E8B12068006863
:1098C00040F40070216808606FF48060216848618E
:1098D00000202063202084F83D00002084F83E0012
:1098E000206C40F00400206400BF002084F83C009D
:1098F00000BF0120BDE8F081701C90B3FBF700F9B8
:10990000C01BB04200D866BBC5F3074001280AD18E
:1099100020684069A9B20840A9B2884201D101205B
:109920000BE0002009E020688069A9B20840A9B2D4
:10993000884201D1012000E0002090B9002020637E
:10994000202084F83D00002084F83E00206C40F088
:109950002000206400BF002084F83C0000BF0120EC
:10996000C8E7FFE7C5F3074001280AD1206840692E
:10997000A9B20840A9B2884201D101200BE0002021
:1099800009E020688069A9B20840A9B2884201D1E3
:10999000012000E0002000288BD00020AAE770B54D
:1099A00004460D46164637E020684069C0F30010B3
:1099B000A0B16FF0100021684861002020632020D2
:1099C00084F83D00002084F83E00206C206400BF35
:1099D000002084F83C0000BF012070BDFBF790F828
:1099E000801BA84200D8BDB920684069C0F3801030
:1099F00090B900202063202084F83D00002084F8E6
:109A00003E00206C40F02000206400BF002084F85D
:109A10003C0000BF0120E0E720684069C0F38010EF
:109A20000028C1D00020D8E708B5014600200090EA
:109A3000104800681922B0FBF2F04FF47A72B0FBC4
:109A4000F2F000EB8000009000BF0098401E0090F4
:109A5000009828B9086C40F020000864012008BD77
:109A60000868006800F40070B0F5007FEDD00020B9
:109A7000F5E700000C00002070B504460D461646C0
:109A800025E02046FEF710FF08B1012070BD681CDC
:109A9000E8B1FBF735F8801BA84200D8BDB92068B3
:109AA0004069C0F3C01090B900202063202084F8E2
:109AB0003D00002084F83E00206C40F0200020642F
:109AC00000BF002084F83C0000BF0120DEE72068D2
:109AD0004069C0F3C0100028D3D00020D6E70000B2
:109AE00010B5002481226B216A48007805F0B4FC8F
:109AF0006420FAF7E9FE75216648007803F0ECF877
:109B00006549087008460078FF2812D1692061492C
:109B1000087081226B215F48007805F09DFC64206D
:109B2000FAF7D2FE75215B48007803F0D5F85A4960
:109B3000087059480078982832D004DC12285DD08B
:109B400068287DD104E0AE2856D0AF28F9D154E082
:109B500080226B214F48007805F07EFCC820FAF780
:109B6000B3FE002219214B48007805F075FC032252
:109B70006B214848007805F06FFC02221A21454805
:109B8000007805F069FC08221B214248007805F0A6
:109B900063FC08221C213F48007805F05DFC71E061
:109BA00000226B213B48007805F056FC0022192169
:109BB0003848007805F050FC6420FAF785FE022250
:109BC0001A213448007805F047FC08221B2131484F
:109BD000007805F041FC08221C212E48007805F091
:109BE0003BFC03221D212B48007805F035FC4FF487
:109BF000FA70FAF769FE45E000BF00BF80226B21D2
:109C00002448007805F028FC6420FAF75DFE012264
:109C10006B212048007805F01FFC002219211D4807
:109C2000007805F019FC02221A211A48007805F084
:109C300013FC08221B211748007805F00DFC00E0FA
:109C40001EE008221C211348007805F005FC0322C1
:109C50001D211048007805F0FFFB00226C210D4803
:109C6000007805F0F9FB00221E210A48007805F073
:109C7000F3FB002223210748007805F0EDFB01E00B
:109C8000012400BF00BF4FF4FA70FAF71DFE204612
:109C900010BD00002C0000202B0000202DE9F04119
:109CA0002DED048B84B004460D4617460E236A46FC
:109CB0003B21FE48007805F0BBFBFD480078982862
:109CC00076D004DC122870D068286FD104E0AE286A
:109CD0006DD0AF28F9D1E4E09DF801009DF80010A7
:109CE00040EA012000B200EE100AB8EEC00A85ED8D
:109CF000000A9DF803009DF8021040EA012000B21E
:109D0000404200EE100AB8EEC00A85ED010A9DF847
:109D100005009DF8041040EA012000B2404200EE28
:109D2000100AB8EEC00A85ED020A9DF807009DF8FA
:109D3000061040EA012006B29DF809009DF80810BF
:109D400040EA012000B200EE100AB8EEC00A84ED2D
:109D5000000A9DF80B009DF80A1040EA012000B2AD
:109D6000404200EE100AB8EEC00A84ED010A9DF8E8
:109D70000D009DF80C1040EA012000B2404200EEB8
:109D8000100AB8EEC00A84ED020A00EE106AB8EEBE
:109D9000C00A9FEDC81AC0EE010A9FEDC70A30EE57
:109DA000800A87ED000A5BE102E07BE0F0E077E00B
:109DB0009DF801009DF8001040EA012000B200EE7D
:109DC000100AB8EEC00A85ED000A9DF803009DF860
:109DD000021040EA012000B2404200EE100AB8EE44
:109DE000C00A85ED010A9DF805009DF8041040EABF
:109DF000012000B2404200EE100AB8EEC00A85ED24
:109E0000020A9DF807009DF8061040EA012006B2FC
:109E10009DF809009DF8081040EA012000B200EE0C
:109E2000100AB8EEC00A84ED000A9DF80B009DF8F8
:109E30000A1040EA012000B2404200EE100AB8EEDB
:109E4000C00A84ED010A9DF80D009DF80C1040EA4F
:109E5000012000B2404200EE100AB8EEC00A84EDC4
:109E6000020A00EE106AB8EEC00AF3EE090A30EEFC
:109E7000600ADFED920A80EE201A11EE108A404649
:109E800006F0E4FD41EC180B9FED8D0B53EC102B0D
:109E900006F062F941EC190B06F02CF93860DFE0AE
:109EA00000BF00BF9DF801009DF8001040EA0120AE
:109EB00000B200EE100AB8EEC00A85ED010A9DF866
:109EC00003009DF8021040EA012000B200EE100AE3
:109ED000B8EEC00A85ED000A9DF805009DF8041053
:109EE00040EA012000B2404200EE100AB8EEC00A7B
:109EF00085ED020A9DF807009DF8061040EA012052
:109F000006B29DF809009DF8081040EA012000B251
:109F100000EE100AB8EEC00A84ED010A9DF80B00AD
:109F20009DF80A1040EA012000B200EE100AB8EED7
:109F3000C00A84ED000A9DF80D009DF80C1040EA5F
:109F4000012000B2404200EE100AB8EEC00A84EDD3
:109F5000020A00EE106AB8EEC00AF3EE090A30EE0B
:109F6000600ADFED560A80EE201A11EE108A404694
:109F700006F06CFD41EC180B9FED510B53EC102BD0
:109F800006F0EAF841EC190B06F0B4F8386067E027
:109F90009DF801009DF8001040EA012000B200EE9B
:109FA000100AB8EEC00A85ED000A9DF803009DF87E
:109FB000021040EA012000B2404200EE100AB8EE62
:109FC000C00A85ED010A9DF805009DF8041040EADD
:109FD000012000B2404200EE100AB8EEC00A85ED42
:109FE000020A9DF807009DF8061040EA012006B21B
:109FF0009DF809009DF8081040EA012000B200EE2B
:10A00000100AB8EEC00A84ED000A9DF80B009DF816
:10A010000A1040EA012000B2404200EE100AB8EEF9
:10A02000C00A84ED010A9DF80D009DF80C1040EA6D
:10A03000012000B2404200EE100AB8EEC00A84EDE2
:10A04000020A00EE106AF8EEC00A9FED1A1A80EEBE
:10A05000810ADFED190A30EE200A87ED000A00BF01
:10A0600000BF94ED000ADFED180A20EE200A84ED0F
:10A07000000A94ED010ADFED140A20EE200A84EDB7
:10A08000010A94ED020ADFED100A20EE200A84EDA9
:10A09000020A95ED000ADFED0D0A80EE201A85ED2B
:10A0A000001A95ED010ADFED090A11E02C000020ED
:10A0B0002B0000200000AA43B81E12426666A3438C
:10A0C000000000000000394047237A3C00000046B1
:10A0D00080EE201A85ED011A95ED020A5FED050A62
:10A0E00080EE201A85ED021A04B0BDEC048BBDE8A9
:10A0F000F08108B501236A46DD21982000F004F8BC
:10A100009DF8000008BD0000FEB504460D46164649
:10A110001F464FF47A7001232A462146CDE9006795
:10A1200002900448FBF714F908B90120FEBD002095
:10A13000FCE7000008B4002010B503A1074803F0B5
:10A140004BFEF9F731FB10BD4B65795F496E6974C1
:10A15000202E2E2E2E2E2E0D0A0000002CB70020B1
:10A1600010B5FAF7CDFC044604F0FEFF10BD000068
:10A1700070B504460D46002655B1E078C000A178C0
:10A1800040EA8100617840EA410021780843C6B284
:10A190001948007886422DD0207808B9012000E0C7
:10A1A000002002464FF400611448FAF7A3FC6078DF
:10A1B00008B9012000E0002002464FF480510F480A
:10A1C000FAF798FCA07808B9012000E000200246C8
:10A1D0004FF400710A48FAF78DFCE07808B90120C5
:10A1E00000E0002002464FF480710548FAF782FC37
:10A1F0000148067070BD000094010020000002407C
:10A200000008024010B504A1084803F0E5FD002154
:10A210000748FFF7ADFF10BD4C65645F496E697478
:10A22000202E2E2E2E2E2E0D0A0000002CB70020E0
:10A23000B0B200200149087070470000B0B20020A1
:10A240000149487070470000B0B200200149887091
:10A2500070470000B0B200200149C870704700008C
:10A26000B0B2002010B501210148FFF781FF10BDF9
:10A27000B0B2002008B500BF00200090264800685A
:10A2800040F40010244908600846006800F40010FB
:10A29000009000BF00BF00BF00200090084600688B
:10A2A00040F4800008600846006800F480000090D8
:10A2B00000BF00BF002201210B20FBF7BBFC0B20DD
:10A2C000FBF7A4FC002201210D20FBF7B3FC0D20BD
:10A2D000FBF79CFC002201211020FBF7ABFC1020B7
:10A2E000FBF794FC002211462F20FBF7A3FC2F2044
:10A2F000FBF78CFC002201213920FBF79BFC392065
:10A30000FBF784FC002201213A20FBF793FC3A2062
:10A31000FBF77CFC08BD00003038024000B587B078
:10A32000142102A8F6F790F900BF002001905848C8
:10A33000006840F01000564908600846006800F0C8
:10A340001000019000BF00BF00BF00200190084630
:10A35000006840F0040008600846006800F004004F
:10A36000019000BF00BF00BF0020019008460068B8
:10A3700040F0800008600846006800F0800001900E
:10A3800000BF00BF00BF002001900846006840F0F9
:10A39000010008600846006800F00100019000BF5D
:10A3A00000BF00BF002001900846006840F0020096
:10A3B00008600846006800F00200019000BF00BF7E
:10A3C00000BF002001900846006840F008000860C7
:10A3D0000846006800F00800019000BF00BF00229E
:10A3E0000E212C48FAF786FB012241F610012A487B
:10A3F000FAF780FB01224FF440712648FAF77AFB06
:10A40000002210212548FAF775FB0F20029000204A
:10A410000390049002A92248FAF76AFA01200290F8
:10A4200000200390049002A91A48FAF761FA0E205E
:10A43000029001200390002004900220059002A9C0
:10A440001448FAF755FA41F61000029001200390E3
:10A4500000200490059002A90F48FAF749FA4FF43A
:10A46000407002900120039000200490059002A902
:10A470000848FAF73DFA10200290012003900020CE
:10A480000490059002A90548FAF732FA07B000BD1A
:10A49000303802400008024000000240000C024038
:10A4A0000010024010B50B480B4908600B4848608B
:10A4B000002109488160C1604FF4804101610021A1
:10A4C00041618161C1610162FAF710FC08B1F9F7DD
:10A4D000DBFA10BD00540040B4B30020A086010098
:10A4E00010B50B480B4908600B484860002109482B
:10A4F0008160C1604FF4804101610021416181614F
:10A50000C1610162FAF7F2FB08B1F9F7BDFA10BDBB
:10A510000058004008B40020A086010000B587B0B4
:10A52000142102A8F6F790F8002001901C481D495C
:10A530000860002048607F211A488160FF21C160C7
:10A540000021016141618161FCF778F808B1F9F7F8
:10A550009BFA00208DF808008DF809008DF80A009C
:10A5600005900690002202A90E48FCF73FF908B1B9
:10A57000F9F78AFA03208DF8040009208DF8050008
:10A5800003208DF8060019208DF80700002201A98C
:10A590000448FCF7CBF808B1F9F776FA07B000BD2C
:10A5A00000280040BCB4002010B50E480E490860D9
:10A5B0004FF48270486000210B488160C160022125
:10A5C000016101214161490281610021C161016292
:10A5D000416281620A21C162FCF79AF908B1F9F778
:10A5E00053FA10BD00300140DCB4002010B50A4819
:10A5F0000A490860532048600021084881604FF6EE
:10A60000FF71C160002101618161FCF7FDFB08B1B0
:10A61000F9F73AFA10BD00000020004054B60020BF
:10A6200000B595B0002011901290139014900F90E7
:10A6300010901C2108A8F6F707F820216846F6F7C5
:10A6400003F837483749086007204860002135483B
:10A65000816040F2E731C1600021016141618161A7
:10A66000FCF7D2FB08B1F9F70FFA4FF480501190C4
:10A6700011A92C48FCF709FD08B1F9F705FA29489A
:10A68000FDF73DF808B1F9F7FFF900200F901090A1
:10A690000FA92448FCF75EFB08B1F9F7F5F9602033
:10A6A0000890002009900A900B900C900D900E904D
:10A6B000002208A91B48FCF7A0FF08B1F9F7E4F94C
:10A6C000042208A91748FCF798FF08B1F9F7DCF94C
:10A6D000082208A91348FCF790FF08B1F9F7D4F94C
:10A6E0000C2208A90F48FCF788FF08B1F9F7CCF94C
:10A6F0000020009001900290039004904FF40050CD
:10A7000005900020079069460648FCF7E9FA08B171
:10A71000F9F7BAF90348FCF73DFF15B000BD00009A
:10A720000000014034B5002000B587B00020039040
:10A73000049005900690019002904FF080401449DB
:10A7400008605320486000211148816040F2E731E1
:10A75000C160002101618161FCF756FB08B1F9F786
:10A7600093F94FF48050039003A90948FCF78DFC3E
:10A7700008B1F9F789F900200190029001A9044875
:10A78000FCF7E8FA08B1F9F77FF907B000BD00005F
:10A790007CB5002000B58BB0242102A8F5F754FF4A
:10A7A0000020009001901948194908600020486075
:10A7B0000021174881604FF6FF71C16000210161DF
:10A7C000816103200290002003900120049000206A
:10A7D000059004200690002007900120089000209A
:10A7E000099004200A9002A90948FCF7D4FC08B19A
:10A7F000F9F74AF900200090019069460448FCF7F7
:10A80000A9FA08B1F9F740F90BB000BD0004004007
:10A81000C4B5002000B58BB0242102A8F5F714FFC1
:10A8200000200090019019481949086000204860F4
:10A830000021174881604FF6FF71C160002101615E
:10A8400081610320029000200390012004900020E9
:10A850000590042006900020079001200890002019
:10A86000099004200A9002A90948FCF794FC08B159
:10A87000F9F70AF900200090019069460448FCF7B6
:10A8800069FA08B1F9F700F90BB000BD0008004003
:10A890000CB6002010B50B480B4908604FF4E130AE
:10A8A0004860002108488160C16001610C2141615C
:10A8B00000218161C161FDF7D5FA08B1F9F7E4F82B
:10A8C00010BD0000004C00409CB6002010B50B48A5
:10A8D0000B4908604FF41650486000210848816019
:10A8E000C16001610C21416100218161C161FDF7FD
:10A8F000B9FA08B1F9F7C8F810BD000000500040DF
:10A90000E4B6002010B50B480B4908604FF4E13065
:10A910004860002108488160C16001610C214161EB
:10A9200000218161C161FDF79DFA08B1F9F7ACF82A
:10A9300010BD0000001001402CB7002010B50B48DE
:10A940000B4908604FF4E1304860002108488160FD
:10A95000C16001610C21416100218161C161FDF78C
:10A9600081FA08B1F9F790F810BD000000440040EA
:10A9700074B7002010B50B480B4908604FF4E13064
:10A980004860002108488160C16001610C2141617B
:10A9900000218161C161FDF765FA08B1F9F774F82A
:10A9A00010BD000000140140BCB7002000BFFEE74E
:10A9B000F8B504460E4617461D4616B1012E10D1B5
:10A9C00007E0E0B210233A460021009500F0C8FAF3
:10A9D00007E0E0B210233A460221009500F0C0FAE9
:10A9E00000BF00BFF8BDF8B504460E4617461D4629
:10A9F00016B1012E10D107E0E0B23B461022002133
:10AA0000009500F071FC07E0E0B23B461022022105
:10AA1000009500F069FC00BF00BFF8BD2DE9F047CC
:10AA200004460D4616461F46DDE9099ADDF82080EA
:10AA300025606660A760C4F80C8084F81090C4F8A4
:10AA400018A000206061D4E90001FCF78DFED4E974
:10AA50000201FCF789FE606820B9002021680968BE
:10AA6000486313E06068042804D100202168096865
:10AA700088630BE06068082804D100202168096819
:10AA8000C86303E00020216809680864E06820B911
:10AA90000020A1680968486313E0E068042804D135
:10AAA0000020A168096888630BE0E068082804D1E9
:10AAB0000020A1680968C86303E00020A168096854
:10AAC0000864BDE8F08701464869002805DDD1E942
:10AAD0000502904201DA886970474869002807DA60
:10AAE000D1E905025242904202DD88694042F3E713
:10AAF0004869F1E70EB50FA1134803F06DF94FF463
:10AB0000167001210022114BCDE900210290042290
:10AB100019460F48FFF782FF4FF4167000210822F4
:10AB20000A4BCDE9002102900C2219460948FFF793
:10AB300075FF0EBD4D6F746F725F496E6974202E84
:10AB40002E2E2E2E2E0D0A002CB7002034B50020FC
:10AB5000A4DD0020C0DD002010B50446914201DDD7
:10AB6000114602E0994200DA1946084610BDF0B5D8
:10AB700004460F462068C66873423246394620466E
:10AB8000FFF7EAFF60612046FFF79DFF60616069A3
:10AB9000002801DB606901E06069404205466069A8
:10ABA000002801DB207C28B16069002835DA207C90
:10ABB000012832D1606818B920680068456310E048
:10ABC0006068042803D120680068856309E0606834
:10ABD000082803D120680068C56302E02068006887
:10ABE0000564E06820B90020A1680968486346E070
:10ABF000E068042804D10020A168096888633EE069
:10AC0000E068082804D10020A1680968C86336E01C
:10AC10000020A1680968086431E0606820B900205C
:10AC200021680968486313E06068042804D10020A3
:10AC30002168096888630BE06068082804D1002057
:10AC400021680968C86303E0002021680968086476
:10AC5000E06818B9A0680068456310E0E06804285F
:10AC600003D1A0680068856309E0E068082803D183
:10AC7000A0680068C56302E0A06800680564F0BDD4
:10AC8000416821B9002102681268516313E04168EC
:10AC9000042904D100210268126891630BE0416825
:10ACA000082904D1002102681268D16303E0002161
:10ACB000026812681164C16821B9002182681268B3
:10ACC000516313E0C168042904D10021826812682D
:10ACD00091630BE0C168082904D1002182681268E1
:10ACE000D16303E000218268126811640021416190
:10ACF000704770477CB504460D4610480460104804
:10AD00000560002000900190002C01DD204600E04D
:10AD1000604283B2E20F00210A48F8F7A2FD00204A
:10AD200000900190002D01DD284600E0684283B2CA
:10AD3000EA0F00210448F8F794FD7CBDA8B200207A
:10AD4000ACB2002074B700209CB6002000BFFEE724
:10AD500000B5ADF5037D0021084600F033F8002072
:10AD600003E0002103AA1154401CB0F5007FF8D382
:10AD70004FF48070410003AA0123CDE90021029025
:10AD8000402278210248FAF767FC0DF5037D00BDEB
:10AD900008B4002010B56420F9F796FD002405E002
:10ADA0000749085D00F03CFA601CC4B21B2CF7D3C5
:10ADB000FFF7CEFF0021084600F004F810BD0000A8
:10ADC0001000002070B504460D4605F1B001C8B270
:10ADD00000F026FA102141EA141000F021FA04F0E4
:10ADE0000F0000F01DFA70BD2DE9F04707460E4632
:10ADF0009046994600250024A8F12000C5B27F2F77
:10AE000002DD0027701CC6B2B9F1100F22D1314605
:10AE10003846FFF7D7FF002407E004EB0511174A77
:10AE2000505C00F011FA601CC4B2082CF5DB701CF9
:10AE3000C1B23846FFF7C6FF002408E004EB051155
:10AE400008310E4A505C00F0FFF9601CC4B2082CB7
:10AE5000F4DB11E031463846FFF7B4FF002409E087
:10AE600005EB4501064A02EB4101085D00F0ECF9F3
:10AE7000601CC4B2062CF3DBBDE8F087920D01081C
:10AE80006A0B01082DE9F04782460F469046994625
:10AE9000089E00250024A8F12000C5B2B9F1100FCA
:10AEA00039D139465046FFF78DFF00BF12E0012E21
:10AEB00008D104EB0511284A515CC943C8B200F01F
:10AEC000C3F905E004EB0511234A505C00F0BCF91E
:10AED000601CC4B2082CEADB781CC1B25046FFF7F4
:10AEE00071FF002414E0012E09D104EB0511083193
:10AEF000194A515CC943C8B200F0A6F906E004EB58
:10AF000005110831144A505C00F09EF9601CC4B26F
:10AF1000082CE8DB1EE039465046FFF753FF0024BB
:10AF200016E0012E0AD105EB45010C4A02EB410166
:10AF3000095DC943C8B200F087F907E005EB450198
:10AF4000064A02EB4101085D00F07EF9601CC4B2C4
:10AF5000062CE6DBBDE8F087920D01086A0B0108BC
:10AF60002DE9FE4381460D4616461F46DDF8288032
:10AF70000024A6F12000C4B2082F2DD1B8F1000F93
:10AF80000AD104EB4400334901EB40003249026826
:10AF90000A60808888800DE0002009E004EB44010D
:10AFA0002C4A02EB4101095CC9432B4A1154401C55
:10AFB0000628F3D329464846FFF704FF4FF4807074
:10AFC0000621254A0123CDE9002102904022782163
:10AFD0002248FAF741FB3AE0B8F1000F07D12048C8
:10AFE00000EB041110221C48F5F795FA0BE0002045
:10AFF00007E000EB04111A4A515CC943164A115488
:10B00000401C1028F5D329464846FFF7DBFE4FF4D5
:10B0100080700821104A0123CDE9002102904022CE
:10B0200078210E48FAF718FB681CC1B24846FFF7B2
:10B03000C9FE4FF480710822074808300123CDE98A
:10B0400001210090402278210448FAF705FBBDE871
:10B05000FE8300006A0B01085CDB002008B40020BE
:10B06000920D01082DE9F04180460E461546002755
:10B0700031464046FFF7A6FE002409E0114A02EBE4
:10B080008511085D00F0E0F8781CC7B2601CC4B2FE
:10B09000102CF3DB701CC1B24046FFF793FE002476
:10B0A0000BE06900491C074A02EB4111085D00F002
:10B0B000CBF8781CC7B2601CC4B2102CF1DBBDE821
:10B0C000F0810000821301082DE9F04180460E4610
:10B0D0001546002731464046FFF774FE002409E07C
:10B0E000264A02EB4521085D00F0AEF8781CC7B295
:10B0F000601CC4B2202CF3DB701CC1B24046FFF7C9
:10B1000061FE00240BE0A900491C1C4A02EBC1119E
:10B11000085D00F099F8781CC7B2601CC4B2202CFE
:10B12000F1DBB01CC1B24046FFF74CFE00240BE03F
:10B13000A900891C114A02EBC111085D00F084F8D6
:10B14000781CC7B2601CC4B2202CF1DBF01CC1B269
:10B150004046FFF737FE00240BE0A900C91C074A50
:10B1600002EBC111085D00F06FF8781CC7B2601CDB
:10B17000C4B2202CF1DBBDE8F0810000C21401084C
:10B180002DE9F04104460F461546984600260FE08B
:10B19000AA5D434639462046FFF726FE04F1080023
:10B1A000C4B2782C02DD0024B81CC7B2701CC6B231
:10B1B000A85D0028ECD1BDE8F08100007CB5044614
:10B1C0000D461448007818BB00210846FFF7FAFD29
:10B1D00035B94FF4007221460F48F5F79CF909E0A4
:10B1E000002004E0215CC9430B4A1154401CB0F517
:10B1F000007FF7D34FF40070074901234022CDE9C7
:10B20000001078210548FAF7D9FA012001490870A1
:10B210007CBD0000840200205CDB002008B400201C
:10B2200001B584B04FF48070012104AA0B46CDE92A
:10B2300000210290002278210248FAF70DFA05B0A9
:10B2400000BD000008B4002001B584B04FF4807048
:10B25000012104AA0B46CDE9002102904022782169
:10B260000248FAF7F9F905B000BD000008B4002063
:10B2700010B506A10A4802F0AFFDFFF78BFD094BA0
:10B28000002209491046F7F7F7FC10BD4F6C6564C2
:10B290005F496E6974202E2E2E2E2E2E0D0A000070
:10B2A0002CB70020E7A90008B1A900080FB4F0B539
:10B2B000C1B005460E4614464AA800904FF480716E
:10B2C00001A8009B499AF5F7C1F8074600200090B5
:10B2D000234601AA31462846FFF752FF384641B0BF
:10B2E000F0BC5DF814FB00002DE9F04387B0814607
:10B2F0000E4617461D46DDF83880102F02D007B0E5
:10B30000BDE8F083002482E004EB0410434901EB24
:10B31000400090F820002978884276D104EB041090
:10B320003E4901EB400090F82100697888426CD1D9
:10B3300031464846FFF746FDB8F1000F10D16421B1
:10B34000102204EB0410354B03EB40000123CDE940
:10B3500001210090402278213148FAF77DF91AE066
:10B3600000200AE004EB04112C4A02EB4101095CC5
:10B37000C94303AA1154411CC8B21028F2DB64204F
:10B38000102103AA0123CDE9002102904022782157
:10B390002348FAF761F9701CC1B24846FFF712FD65
:10B3A000B8F1000F11D16421102204EB04101B4BE3
:10B3B00003EB400010300123CDE901210090402231
:10B3C00078211748FAF748F91DE010200DE004EB4A
:10B3D0000411124A02EB4101095CC943CAB2A0F14F
:10B3E000100103AB5A54411CC8B22028EFDB642083
:10B3F000102103AA0123CDE90021029040227821E7
:10B400000748FAF729F905E0FFE7601C84B2642CCD
:10B41000FFF67AAF00BF00BF71E70000C218010855
:10B4200008B4002010B5F9F76BFB0446F7F788FB6A
:10B4300010BD000010B5044602482168FFF797FBD5
:10B4400010BD0000A4DD002010B504460020044912
:10B4500008610448FFF714FCF7F7A8FB10BD0000D3
:10B4600038000020A4DD002010B504460248216801
:10B47000FFF77DFB10BD0000C0DD002010B50446C5
:10B480000020044948610448FFF7FAFBF7F78EFBF8
:10B4900010BD000038000020C0DD00207047000013
:10B4A00010B50446054920680860084690ED000A7A
:10B4B000B8EEC00A024804F05BF910BDD0B200201B
:10B4C0005CDE00200A4991ED090AB5EEC00AF1EEF2
:10B4D00010FA06D1074991ED000A054981ED090AE4
:10B4E00004E090ED000A034981ED000A7047000076
:10B4F000380000205CDE00200A4991ED0A0AB5EE12
:10B50000C00AF1EE10FA06D1074991ED010A05498A
:10B5100081ED0A0A04E090ED000A034981ED010A79
:10B5200070470000380000205CDE00200A4991EDE1
:10B530000B0AB5EEC00AF1EE10FA06D1074991EDFB
:10B54000020A054981ED0B0A04E090ED000A034967
:10B5500081ED020A70470000380000205CDE002008
:10B5600010B50446054920680860084690ED000AB9
:10B57000B8EEC00A024804F0FBF810BDD0B20020BB
:10B5800098DE00200A4991ED0D0AB5EEC00AF1EEF1
:10B5900010FA06D1074991ED000A054981ED0D0A1F
:10B5A00004E090ED000A034981ED000A70470000B5
:10B5B0003800002098DE00200A4991ED0E0AB5EE11
:10B5C000C00AF1EE10FA06D1074991ED010A0549CA
:10B5D00081ED0E0A04E090ED000A034981ED010AB5
:10B5E000704700003800002098DE00200A4991EDE5
:10B5F0000F0AB5EEC00AF1EE10FA06D1074991ED37
:10B60000020A054981ED0F0A04E090ED000A0349A2
:10B6100081ED020A704700003800002098DE00200B
:10B6200070B50446F8F7B4FA05462168FFF762FBE7
:10B6300070BD70B50446F8F7B1FA05462946206892
:10B64000FFF758FB70BD000010B504460020054907
:10B650000864486400210846FFF74CFBF7F7A6FA98
:10B6600010BD000038000020034890ED040A034894
:10B6700080ED120A70470000D4DE00203800002060
:10B68000034890ED030A034880ED130A7047000059
:10B69000D4DE00203800002002480078024981F8FA
:10B6A00050007047FDB200203800002010B504465D
:10B6B000002007490870074981F850004FF4805076
:10B6C00004F06CFC01221103014804F07DFB10BD65
:10B6D000FDB20020380000202DE9F0432DED028B53
:10B6E00083B04FF00008C1464E48856D46468FE056
:10B6F00095F821003044A0EB0900C7B295F820006E
:10B70000B84200DC87E0E86950F8270000B982E021
:10B71000E86950F827000078042877D1E86950F8E4
:10B720002740206A002870D03E48006DE169401A29
:10B73000218B884269D33B48006DE061206A8047D5
:10B740003346324610210120F7F7DAF9E86950F85C
:10B750002700314642680120F7F736FA207C072897
:10B7600050D2DFE800F0040D161F29333C00606959
:10B7700003782DA231464FF0FF30F7F7A1FA41E0F0
:10B780006069038828A231464FF0FF30F7F798FA36
:10B7900038E0606924A2314603684FF0FF30F7F7C4
:10B7A0008FFA2FE0606990F9003021A231464FF006
:10B7B000FF30F7F785FA25E06069B0F900301CA288
:10B7C00031464FF0FF30F7F77BFA1BE0606918A2B3
:10B7D000314603684FF0FF30F7F772FA12E0606904
:10B7E00090ED000A10EE101A084605F02FF941EC12
:10B7F000180B8DED008B10A231464FF0FF30F7F79C
:10B800005FFA00BF00BFF7F71BF800BF701CC6B29D
:10B81000022EFFF66DAF00BF03B0BDEC028BBDE89A
:10B82000F083000018BA00205B25755D0000000061
:10B830005B25645D000000005B252E32665D000024
:10B84000F0B52DED028B83B0AE48846D002529E064
:10B85000E06950F825000078012804D002280CD0B7
:10B8600004281BD112E0E06950F82560706918B116
:10B87000326910787169884711E0E06950F82560F5
:10B88000B06A10B1B16A7069884708E0E06950F8A1
:10B890002560306A08B1306A804700E000BF00BF11
:10B8A000681CC5B294F82000A842D1DC94F82200AC
:10B8B000944981F85C00F6F7AFFF0227002503E109
:10B8C00094F821102944E06950F821002946426883
:10B8D0000120F7F779F994F821102944E06950F82C
:10B8E00021000078062877D2DFE800F0EA031A7713
:10B8F00088E494F821102944E06950F82160306907
:10B90000007830B980A229464FF0FF30F7F75CF994
:10B9100005E07FA229464FF0FF30F7F755F9D0E058
:10B9200094F821102944E06950F82160307C072800
:10B9300050D2DFE800F0040D161F29333C00706977
:10B94000037875A229464FF0FF30F7F7B9F941E0C7
:10B950007069038870A229464FF0FF30F7F7B0F9FD
:10B9600038E070696CA2294603684FF0FF30F7F7A2
:10B97000A7F92FE0706990F9003069A229464FF0CD
:10B98000FF30F7F79DF925E07069B0F9003064A247
:10B9900029464FF0FF30F7F793F91BE0706960A27A
:10B9A000294603684FF0FF30F7F78AF912E0706913
:10B9B00090ED000A10EE101A084605F047F841EC29
:10B9C000180B8DED008B58A229464FF0FF30F7F78A
:10B9D00077F900BF00BF74E072E094F821102944A9
:10B9E000E06950F82160717D306950F8213050A233
:10B9F00029464FF0FF30F7F763F962E094F8211021
:10BA00002944E06950F82160307C072850D2DFE8F3
:10BA100000F0040D161F29333C00706903783EA224
:10BA200029464FF0FF30F7F74BF941E07069038882
:10BA300039A229464FF0FF30F7F742F938E0706934
:10BA400035A2294603684FF0FF30F7F739F92FE0A8
:10BA5000706990F9003032A229464FF0FF30F7F7B5
:10BA60002FF925E07069B0F900302DA229464FF07A
:10BA7000FF30F7F725F91BE0706929A22946036812
:10BA80004FF0FF30F7F71CF912E0706990ED000AF3
:10BA900010EE101A084604F0D9FF41EC180B8DED9A
:10BAA000008B21A229464FF0FF30F7F709F900BFBC
:10BAB00000BF06E02B2229460F20F7F769F800E0C7
:10BAC00000BF00BF681CC5B294F82100284494F858
:10BAD000201088420ADABD4208DA94F8211029447D
:10BAE000E06950F8210000287FF4EAAE94F82210B3
:10BAF0003E220020F7F74CF8F6F7A2FE03B0BDECAB
:10BB0000028BF0BD18BA00205B4F46465D00000076
:10BB10005B4F4E5D000000005B25755D000000007E
:10BB20005B25645D000000005B252E32665D000031
:10BB30005B25735D0000000010B50020024981F80C
:10BB40005C00F6F769FE10BD18BA002070B5044617
:10BB5000049D00260E704A608C60094ECE60094E2E
:10BB60000E61094E4E61094E8E61084640F81C3F39
:10BB70000571002646718671054E86601C3870BDC1
:10BB800041B80008D9B6000895BB000839BB0008C9
:10BB90002DC100082DE9F04F2DED028B85B08246B6
:10BBA000002004900390FA48846D00270226B346D3
:10BBB00094F8200094F82110401AC0B20290029824
:10BBC000B04201DADDF808B094F8210094F82210B0
:10BBD0000844C01BC5B2BAF1010F09D0BAF1020F77
:10BBE0006ED0BAF1030F7BD0BAF1040F79D1F0E037
:10BBF000E74890F85D0001280AD1E16951F8250075
:10BC000051F82510CA68514690470120049056E02B
:10BC100014F8223F227800210846F6F771FF14F845
:10BC20002209B8420BDD94F82200401EC1B284F80C
:10BC30002210781E814240D184F822003DE094F821
:10BC40002100F8B9002094F82020B2420BDD94F8CE
:10BC5000202092FBF6F27243D0B294F82020824268
:10BC600001DC821BD0B22034607022786378203CE3
:10BC7000D21AD1B2B14200DD31467A18521E84F890
:10BC8000222018E014F8210F801B2070B819401EE4
:10BC900060706078213CC01BB04208DA2034A07884
:10BCA000C01B6178084414F82019884203DBB819D6
:10BCB000401E84F822000120049001200390C3E07C
:10BCC000B34890F85D0001280CD1E16951F82500D6
:10BCD00051F82510CA68514690470120049035E07C
:10BCE00035E0B0E014F8223F227800210846F6F74C
:10BCF00007FF14F8221907EB0B00401E814205DAFA
:10BD000094F82200401C84F822001DE094F82100E1
:10BD1000304494F82010884205DB002084F821008C
:10BD200084F822700EE02034607830446070A77090
:10BD30006078A178C91B084414F82019884201DBF7
:10BD400084F8227001200490012003907CE0904848
:10BD5000806D8068B8B18E4890F85D0098B98C48C5
:10BD6000806D806918B18A49896D886980478848E3
:10BD7000806D8068864988650846806DC06810B10E
:10BD8000896DC8688047E06950F82500C068F8B13F
:10BD90007F4890F85D0001281AD1E06950F825002D
:10BDA000007801280BD0E06950F8250000780228BF
:10BDB00005D0E06950F825000078032808D100205C
:10BDC000734981F85D0094F822103E22F6F7E0FEF8
:10BDD0003AE0E06950F82500C068F8B16C4890F886
:10BDE0005D00E0B9E06950F82500007801280BD02B
:10BDF000E06950F825000078022805D0E06950F885
:10BE00002500007803280AD10120614981F85D00EE
:10BE100094F8221026220020F6F7BAFE12E0E1691B
:10BE200051F8250051F82510CA6851469047E0693D
:10BE300050F825000078052804D105B0BDEC028B30
:10BE4000BDE8F08F00E000BF00BF0498012871D169
:10BE5000022300221021F6F753FE4FF0000839E1CB
:10BE600094F821104144E06950F8210041464268AD
:10BE70000120F6F7A9FE94F821104144E06950F83A
:10BE80002100007806287DD2DFE800F07C031B98B3
:10BE9000ABF494F821104144E06950F82190D9F8AE
:10BEA0001000007830B93BA241464FF0FF30F6F762
:10BEB0008BFE05E039A241464FF0FF30F6F784FED5
:10BEC00003E194F821104144E06950F8219099F879
:10BED000100007285AD2DFE800F0040E18222E398D
:10BEE0004300D9F8140003782EA241464FF0FF30EA
:10BEF000F6F7E6FE4AE0D9F81400038829A2414685
:10BF00004FF0FF30F6F7DCFE40E0D9F8140025A230
:10BF1000414603684FF0FF30F6F7D2FE36E0D9F81D
:10BF2000140090F9003021A241464FF0FF30F6F79F
:10BF3000C7FE2BE0E0E0D9F81400B0F900301BA2F6
:10BF400041464FF0FF30F6F7BBFE1FE0D9F8140072
:10BF500016A2414603684FF0FF30F6F7B1FE15E038
:10BF6000D9F8140090ED000A10EE101A084604F0FB
:10BF70006DFD41EC180B8DED008B0EA241464FF08C
:10BF8000FF3000E0A0E0F6F79BFE00BF00BF9CE0A2
:10BF900018BA00205B4F46465D0000005B4F4E5DC7
:10BFA000000000005B25755D000000005B25645DFE
:10BFB000000000005B252E32665D000094F8211021
:10BFC0004144E06950F8219099F81510D9F8100013
:10BFD00050F8213051A241464FF0FF30F6F770FE85
:10BFE00073E094F821104144E06950F8219099F8E9
:10BFF000100007285FD2DFE800F0040F1A25313E59
:10C000004900D9F814000378AFF2680241464FF0B6
:10C01000FF30F6F755FE4EE0D9F814000388AFF272
:10C020007C0241464FF0FF30F6F74AFE43E0D9F874
:10C030001400AFF29002414603684FF0FF30F6F76C
:10C040003FFE38E0D9F8140090F90030AFF2A402B6
:10C0500041464FF0FF30F6F733FE2CE0D9F81400DC
:10C06000B0F90030AFF2BC0241464FF0FF30F6F7B6
:10C0700027FE20E021E0D9F81400AFF2D0024146BB
:10C0800003684FF0FF30F6F71BFE14E0D9F81400F8
:10C0900090ED000A10EE101A084604F0D7FC41ECAF
:10C0A000180B8DED008BAFF2F40241464FF0FF30DC
:10C0B000F6F706FE00BF00BF07E01AA241464FF0A8
:10C0C000FF30F6F781FD00E000BF00BF08F101007E
:10C0D00000F0FF0894F82100404494F820108842B2
:10C0E0000ADAB04508DA94F821104144E06950F8C2
:10C0F000210000287FF4B4AE0398012805D194F8FC
:10C1000022103E220020F6F743FD94F82200064953
:10C1100081F85C00F6F794FB00BF8EE65B25735D4B
:10C12000000000002B00000018BA0020F0B52DED33
:10C13000028B83B09448846DF6F76EFB02270025CE
:10C1400003E194F821102944E06950F821002946C0
:10C1500042680120F6F738FD94F821102944E0697F
:10C1600050F821000078062877D2DFE800F0EA03D3
:10C170001A7788E494F821102944E06950F8216086
:10C180003069007830B981A229464FF0FF30F6F7C8
:10C190001BFD05E07FA229464FF0FF30F6F714FDA6
:10C1A000D0E094F821102944E06950F82160307CF7
:10C1B000072850D2DFE800F0040D161F29333C0099
:10C1C0007069037875A229464FF0FF30F6F778FDC5
:10C1D00041E07069038871A229464FF0FF30F6F7FD
:10C1E0006FFD38E070696DA2294603684FF0FF309B
:10C1F000F6F766FD2FE0706990F9003069A22946D4
:10C200004FF0FF30F6F75CFD25E07069B0F90030C3
:10C2100064A229464FF0FF30F6F752FD1BE070692B
:10C2200060A2294603684FF0FF30F6F749FD12E09F
:10C23000706990ED000A10EE101A084604F006FC32
:10C2400041EC180B8DED008B58A229464FF0FF30C2
:10C25000F6F736FD00BF00BF74E072E094F82110DD
:10C260002944E06950F82160717D306950F821302F
:10C2700050A229464FF0FF30F6F722FD62E094F815
:10C2800021102944E06950F82160307C072850D201
:10C29000DFE800F0040D161F29333C0070690378B5
:10C2A0003EA229464FF0FF30F6F70AFD41E07069E3
:10C2B00003883AA229464FF0FF30F6F701FD38E037
:10C2C000706936A2294603684FF0FF30F6F7F8FC94
:10C2D0002FE0706990F9003032A229464FF0FF300C
:10C2E000F6F7EEFC25E07069B0F900302DA2294682
:10C2F0004FF0FF30F6F7E4FC1BE0706929A22946F5
:10C3000003684FF0FF30F6F7DBFC12E0706990ED48
:10C31000000A10EE101A084604F098FB41EC180BC6
:10C320008DED008B21A229464FF0FF30F6F7C8FCB7
:10C3300000BF00BF06E02B2229460F20F6F728FC9D
:10C3400000E000BF00BF681CC5B294F8210028447B
:10C3500094F8201088420ADABD4208DA94F82110D5
:10C360002944E06950F8210000287FF4EAAE94F8EF
:10C3700022103E220020F6F70BFCF6F761FA03B01C
:10C38000BDEC028BF0BD000018BA00205B4F4646A2
:10C390005D0000005B4F4E5D000000005B25755D99
:10C3A000000000005B25645D000000005B252E326C
:10C3B000665D00005B25735D0000000010B51E483F
:10C3C000D0ED041AB0EE612AD0ED021AB0EE611A77
:10C3D000D0ED011AF0EE610AD0ED001AB0EE610A5C
:10C3E000DFED161A164803F079F91648D0ED041A55
:10C3F000B0EE612AD0ED021AB0EE611AD0ED011A4A
:10C40000F0EE610AD0ED001AB0EE610ADFED0B1A12
:10C410000D4803F063F90D4890ED000AB8EEC00A2C
:10C42000074803F0A5F9094890ED000AB8EEC00AE4
:10C43000054803F09DF910BDD4B2002000000000B3
:10C440005CDE0020E8B2002098DE0020D0B20020A0
:10C4500070B51448007800B970BD0024002512485A
:10C46000D0ED040AB0EE600A104803F0E7F8BDEE24
:10C47000C00A10EE104A0E48D0ED040AB0EE600A71
:10C480000C4803F0DBF8BDEEC00A10EE105A21464E
:10C490000948FEF76CFB29460848FEF768FB00BF19
:10C4A000DAE70000FCB20020DCDD00205CDE0020CA
:10C4B000F0DD002098DE0020A4DD0020C0DD00209B
:10C4C000002004E00021034A1154411CC8B209288D
:10C4D000F8DB704788C3002038B50446012000907F
:10C4E0000020224948700120009036E0BDF800008D
:10C4F000204028B1012202211D48F8F7FBFA04E090
:10C50000002202211A48F8F7F5FA012208211848FA
:10C51000F8F7F0FA0520F6F769F900220821144827
:10C52000F8F7E8FA0520F6F761F90122082110482A
:10C53000F8F7E0FA01210E48F8F7D4FA30B10B48C9
:10C540004078BDF80010084308494870BDF8000065
:10C550004FF6FF7101EA40000090BDF80000FF288F
:10C56000C4DD1020F6F742F938BD000088C3002072
:10C570000008024010B5FFF7A3FF00F025F80F48B0
:10C58000C0780E49097940EA01200D49088000244D
:10C590000FE00C4810F81400401E012101FA00F0D1
:10C5A00007490988084010B9601CC0B210BD601C62
:10C5B000C4B2102CEDDB0020F8E7000088C3002097
:10C5C00070010020740100201CB5002001900120A2
:10C5D0000090002204212948F8F78CFA28490878AD
:10C5E000FFF77AFF26494878FFF776FF022001908F
:10C5F0003AE0012000902BE0012208211F48F8F7C3
:10C6000079FA0520F6F7F2F8002208211B48F8F71E
:10C6100071FA0520F6F7EAF8012208211748F8F721
:10C6200069FA01211548F8F75DFA50B115489DF8EF
:10C630000410405CBDF80010084312499DF8042026
:10C640008854BDF800004FF6FF7101EA40000090E9
:10C65000BDF80000FF28CFDD1020F6F7C7F89DF8E1
:10C660000400401CC0B201909DF804000928C0DB02
:10C67000012204210148F8F73DFA1CBD00080240E0
:10C680007201002088C300207047014600BF0809DE
:10C6900000EB8000420001F00F001044C0B2704770
:10C6A0000146002203E0521CA1F10A00C1B20A298E
:10C6B000F9D2100741EA1060704770B504460026B1
:10C6C00000252068C06800F04000C8B92068C06834
:10C6D00040F080002168C860F8F712FA064608E0CA
:10C6E000F8F70EFA801BB0F57A7F02D90420607744
:10C6F00001252068C06800F0400008B9012DEFD185
:10C70000284670BD70B5044600252068C06820F03A
:10C7100080002168C8602068806800F0200030B97F
:10C720002046FAF7D9F810B1042060770125284691
:10C7300070BD000010B507A10B4801F04DFB0022B1
:10C740000A490B48F9F74CFF00220A490848F9F753
:10C7500021FF10BD5254435F496E6974202E2E2E66
:10C760002E2E2E0D0A0000002CB70020E8DE00203F
:10C77000BCB40020FEB2002010B5002204490548D8
:10C78000F9F72EFF002204490248F9F703FF10BD14
:10C79000E8DE0020BCB40020FEB2002008B5002076
:10C7A00016A3102201460090FEF79EFD002014A360
:10C7B0001022014600901046FEF796FD002010233F
:10C7C0003A22014600902020FEF75CFB00200DA3DA
:10C7D000102202210090FEF787FD00200AA31022FC
:10C7E000022100901046FEF77FFD002010233A2220
:10C7F000022100902020FEF745FB08BDC8D50000AF
:10C80000C6DA0000CAB10000BCE4000010B5FEF7B3
:10C810009FFA10BD3EB504460D460F4880780E497C
:10C8200049780D4AD2780DA3CDE900210290082263
:10C8300000212820FEF73AFD0D4880780C49497800
:10C840000B4A12780BA3CDE90021029008220221A5
:10C850002820FEF72BFD3EBDFEB2002032302530F1
:10C8600032642D253032642D2530326420000000E2
:10C87000E8DE0020253032643A253032643A253033
:10C88000326420007CB504460E461546334601222C
:10C8900002212046009500F039F828B1606D40F083
:10C8A0002000606503207CBD164800681821B0FB9D
:10C8B000F1F01549B0FBF1F04FF47A714843019063
:10C8C0006068B0F5827F0DD133460022802120467A
:10C8D000009500F01BF898B1606D40F02000606595
:10C8E0000320E0E700BF019800B908E00198401E6E
:10C8F000019020688068C0F3C0100028F3D100BF09
:10C900000020D0E70C00002040420F002DE9F84F36
:10C9100004460D4690461E46DDF82890F8F7F0F8DC
:10C92000A0EB0900371AF8F7EBF882462C480068AC
:10C93000C0F3CB307843009046E0701C002843D011
:10C94000F8F7DEF8A0EB0A00B84200D2A7BB2068D7
:10C95000406820F0E000216848606068B0F5827FA0
:10C960000DD1A068B0F5004F03D0A068B0F5806F7E
:10C9700005D12068006820F0400021680860A06AA6
:10C98000B0F5005F0DD100BF2068006820F40050B2
:10C99000216808602068006840F400502168086041
:10C9A00000BF012084F8510000BF002084F850002F
:10C9B00000BF0320BDE8F88FFFE7009808B9002703
:10C9C00002E00098401E0090206880682840A8423D
:10C9D00001D1012000E000204045AED10020E9E770
:10C9E0000C0000207047000010B500BFEFF310806E
:10C9F000044672B6294890F8350002280AD1274823
:10CA00000068006820F01000244909680860234885
:10CA1000F7F708FD224890F83D00212837D142F26F
:10CA2000107000E0401E1E4909688969C1F3400189
:10CA300009B10028F6D11A4909688969C1F3400192
:10CA4000C1B117490968096841F40071144A1268B4
:10CA5000116042F2107000E0401E114909684969F6
:10CA6000C1F3001109B90028F6D16FF010010C4A8A
:10CA7000126851616FF4E061094A12685161202126
:10CA8000074A82F83D10002182F83E1000BF0120C5
:10CA9000024981F8350004B962B610BD5CB40020CB
:10CAA00008B4002010B500F08BFA0E200149087080
:10CAB00010BD000004B3002070B500241EE0F8F79C
:10CAC0001FF8054604EB44000F4901EB8000406865
:10CAD00004EB44010C4A02EB810189680844A84236
:10CAE0000AD804EB4400114601EB8000856004EB9A
:10CAF000440152F821008047601CC4B2034800780A
:10CB00008442DCDB70BD000008B3002004B30020C9
:10CB1000F0B5044605ADE0CD8C604FF0040C81F813
:10CB200000C04A6008460374456106834FF0000C5C
:10CB3000C0F81CC00762F0BD30B589B004460D4690
:10CB400017480078C00916490978C1F38011144AC2
:10CB50001278C2F34012124B1B78C3F30013CDE9D5
:10CB60000432CDE906100E480078C0F3C0020C482C
:10CB70000078C0F380000A490978C1F34001084BEE
:10CB80001B7803F00103CDE90031CDE9020205A3D2
:10CB9000102201210020FEF789FB09B030BD000002
:10CBA000B4B2002025642D25642D25642D25642D27
:10CBB00025642D25642D25642D25640010B50948B4
:10CBC000846DA06A68B10748006D216A401AA18B84
:10CBD000884206D90348006D206200210846A26AF7
:10CBE000904710BD18BA002010B5F5F715FEF5F7FF
:10CBF00027FE0548846D606A08B1606A8047024874
:10CC0000006D206210BD000018BA002010B5064863
:10CC1000846D0020044981F85C00F5F7FDFDE06AB1
:10CC200008B1E06A804710BD18BA0020F0B504468C
:10CC300005ADE0CD4FF0010C81F800C04A608C607A
:10CC4000DFF830C0C1F80CC0DFF82CC0C1F810C04C
:10CC5000DFF828C0C1F814C0DFF824C0C1F818C03C
:10CC6000084683834FF0000CC0F820C045628662FE
:10CC7000C762F0BDE9CB0008BDCB000885CC000839
:10CC80000DCC000870B504461248856DA86A30B115
:10CC90001048006D286221460020AA6A9047032CA4
:10CCA00017D10C48806D806898B10A48806D806902
:10CCB00018B10849896D886980470648806D806889
:10CCC000044988650846806DC06810B1896DC868E0
:10CCD000804770BD18BA002070B504460D4629463D
:10CCE000204602F08FFB70BD10B52DED088B044679
:10CCF000606803F03DFC41EC1A0B9FED2F0B53ECE9
:10CD0000102B03F085FC41EC190B9FED2D0B53EC20
:10CD1000102B03F0D5FA41EC180B03F0EBF9E060AF
:10CD2000A06803F025FC41EC1B0B9FED270B53EC97
:10CD3000102B03F06DFC41EC1A0B9FED210B53EC13
:10CD4000102B03F0BDFA41EC190B9FED210B53ECB6
:10CD5000102B03F091FD41EC180B03F0CBF920618F
:10CD600094ED030AB5EEC00AF1EE10FA1FDB94ED64
:10CD7000030ADFED190AB4EEE00AF1EE10FA16D854
:10CD800094ED040ADFED150AB4EEE00AF1EE10FAB4
:10CD90000DDB94ED040ADFED120AB4EEE00AF1EEC9
:10CDA00010FA04D800206070BDEC088B10BD012083
:10CDB000607000BFF8E7000000000000000059406C
:10CDC0000000000000003041000000000000694049
:10CDD000000000000000494000401C4600007AC5E9
:10CDE00000D00446704710B5FDF7B2FF10BD00003B
:10CDF00070B505460C462348007858280DDA2249BC
:10CE0000204A127801EB42200121FEF7D7F91D4894
:10CE10000078401C1B4908702DE01A4800785A28F9
:10CE200029DAFDF795FF002211461046FEF74CF96E
:10CE3000012200212020FEF747F900221146402060
:10CE4000FEF710F9012200215020FEF70BF9022213
:10CE500011465020FEF706F9032202216020FEF75A
:10CE600001F9042202217020FEF7FCF80548007841
:10CE7000401C0449087024B1FFF7B6FD0348F5F7DC
:10CE8000CBFE70BD9400002085020020A8BA0020CF
:10CE900070B5049D886001260E704A60024ECE6017
:10CEA0000C462361656170BDADCE000870B50546C6
:10CEB0000E462C46012E02D0022E0ED106E020692D
:10CEC000007880F001002169087007E0206900788F
:10CED00080F001002169087000E000BF00BF6069B8
:10CEE00018B1226910786169884770BD10B5F8F7EC
:10CEF00019FE10BD00B593B0302107A8F3F7A4FBCD
:10CF0000142102A8F3F7A0FB00BF002001902548E0
:10CF1000006840F08050234908600846006800F02F
:10CF20008050019000BF00BF00BF002001901E484C
:10CF3000006840F480401C4908600846006800F41E
:10CF40008040019000BF00BF052007904FF4803063
:10CF500008900120099002200D9041050E910421B6
:10CF60000F91A8211091022111910421129107A87B
:10CF7000F9F7C2F808B1F6F787FD0F2002900220FA
:10CF80000390002004904FF4A05005904FF480507F
:10CF90000690052102A8F8F76FFF08B1F6F774FDB7
:10CFA00013B000BD403802400070004003480068E4
:10CFB00040F47000014908607047000088ED00E00F
:10CFC00010B500F051FF13A1184800F005FFFDF760
:10CFD00019F9FDF7B1F800F063FEFEF749F9F6F72D
:10CFE00033FEFDF787FDF6F7C9FCF6F7BDFF00F04D
:10CFF00049FFFFF7E3F9F5F761F8F6F749FDFFF7A9
:10D0000099FB0BA1094800F0E7FE0E48F9F7D0FFA5
:10D0100010BD00003D3D3D3D2053797374656D208A
:10D02000496E6974203D3D3D3D0D0A002CB700203E
:10D030003D3D3D3D2046696E697368203D3D3D3D67
:10D040000D0A00007CB500207047000010B50248B2
:10D05000FAF7E9F910BD00007CB5002010B50268B0
:10D060002B4B98420ED0B0F1804F0BD0294B9842F9
:10D0700008D0294B984205D0284B984202D0284B23
:10D08000984203D122F070024B681A43204B984219
:10D0900020D0B0F1804F1DD01E4B98421AD01E4BAD
:10D0A000984217D01D4B984214D01D4B984211D076
:10D0B0001C4B98420ED01C4B98420BD01B4B9842F5
:10D0C00008D01B4B984205D01A4B984202D01A4BFD
:10D0D000984203D122F44072CB681A4322F08003B5
:10D0E0004C6943EA04028B68C3620B688362084B95
:10D0F000984202D00A4B984201D10B69036303683E
:10D1000043F00403036001234361026010BD00008B
:10D11000000001400004004000080040000C0040F6
:10D12000000401400040014000440140004801402B
:10D1300000180040001C00400020004030B501F005
:10D140001F05012404FA05F3046A9C430462046A7F
:10D1500001F01F0502FA05F52C43046230BD30B51D
:10D160000C46816821F47F4142EA03252543294387
:10D17000816030BD0A46816821F0700142F00703EA
:10D18000194381607047000030B5026A056A25F0D6
:10D19000010505624368846924F0700424F00304E7
:10D1A0000D682C4322F002028D682A43104DA842DC
:10D1B00000D103E00F4DA84206D100BF22F00802C3
:10D1C000CD682A4322F00402094DA84202D0094D3D
:10D1D000A84207D123F4807323F400734D692B43D5
:10D1E0008D692B43436084614D684563026230BDA5
:10D1F000000001400004014030B5026A056A25F0D4
:10D20000100505624368846924F4E04424F4407402
:10D210000D6844EA052422F020028D6842EA0512D6
:10D22000124DA84200D103E0114DA84207D100BF22
:10D2300022F08002CD6842EA051222F040020B4D36
:10D24000A84202D00A4DA84209D123F4806323F4F6
:10D2500000634D6943EA85038D6943EA85034360B2
:10D2600084614D688563026230BD000000000140AA
:10D270000004014030B5026A056A25F48075056234
:10D280004368C46924F0700424F003040D682C433F
:10D2900022F400728D6842EA0522124DA84200D1A4
:10D2A00003E0114DA84207D100BF22F40062CD680F
:10D2B00042EA052222F480620A4DA84202D00A4DB9
:10D2C000A84209D123F4805323F400534D6943EA63
:10D2D00005138D6943EA05134360C4614D68C56356
:10D2E000026230BD000001400004014030B5036A15
:10D2F000056A25F4805505624468C26922F4E0425B
:10D3000022F440720D6842EA052223F400538D682E
:10D3100043EA0533084DA84202D0084DA84204D183
:10D3200024F480444D6944EA85144460C2614D6828
:10D330000564036230BD00000000014000040140AC
:10D3400030B50B461446026A056A25F001050562F0
:10D35000816921F0F00141EA041122F00A021A4326
:10D360008161026230BD30B50B461446026A056A1F
:10D3700025F010050562816921F4704141EA04310C
:10D3800022F0A00242EA03128161026230BD000075
:10D3900030B5886000250D704A60024DCD600C46A6
:10D3A000236130BDA9D3000870B504460E4625465A
:10D3B000286910B160682969884770BD10B50248B6
:10D3C000FAF7CCFB10BD00009CB6002010B5024857
:10D3D000FAF7C4FB10BD0000E4B6002070B50446A7
:10D3E000A56B0020E8852846FAF7B7FB70BD70B53D
:10D3F00006460025B46B20684069C0F3C01594F858
:10D400004100212805D125B10020E084204600F00C
:10D41000C8F820684069C0F3801594F842002228BB
:10D4200005D125B10020E085204600F074F8606C3D
:10D4300040F0100060642046FAF78FFB70BD70B5B5
:10D440000546AC6B2868006800F48070002842D163
:10D45000E08500BF00BF21680C3151E8001F21F4B6
:10D46000807021680C3141E80002002AF3D100BF2E
:10D4700000BF00BF2168143151E8001F21F00100F6
:10D480002168143141E80002002AF3D100BF00BF37
:10D4900000BF2168143151E8001F21F040002168CD
:10D4A000143141E80002002AF3D100BF202084F8A3
:10D4B0004200206B01280ED100BF00BF21680C3153
:10D4C00051E8001F21F0100021680C3141E80002F2
:10D4D000002AF3D100BF00206063206B012804D133
:10D4E000A18D2046FAF72CFA02E02046FAF704FF55
:10D4F00070BD70B50546AC6B01206063206B0128E0
:10D5000005D1A08D41082046FAF71AFA02E020461C
:10D51000FAF7F3FE70BD00BF00BF02680C3252E89C
:10D52000002F22F4907102680C3242E80013002BA5
:10D53000F3D100BF00BF00BF0268143252E8002FD1
:10D5400022F001010268143242E80013002BF3D1EB
:10D5500000BF016B01290ED100BF00BF02680C3271
:10D5600052E8002F22F0100102680C3242E800134A
:10D57000002BF3D100BF202180F84210002101636D
:10D58000704710B504462068C06820F0400021684C
:10D59000C860202084F841002046FAF72BFF0020C5
:10D5A00010BD00BF00BF02680C3252E8002F22F00D
:10D5B000C00102680C3242E80013002BF3D100BF17
:10D5C000202180F841107047F8B504460025002658
:10D5D00094F84200222873D1A068B0F5805F0BD187
:10D5E000206948B9A66A20684068C0F30800308006
:10D5F000A06A801CA06214E0A56AA068B0F5805FF4
:10D6000003D0A06828B9206918B92068406828703C
:10D6100004E02068406800F07F002870A06A401C89
:10D62000A062E08D401E80B2E085002846D12068CF
:10D63000C06820F020002168C8602068C06820F41D
:10D6400080702168C8602068406920F0010021686E
:10D650004861202084F8420000206063206B01288C
:10D6600026D10020206300BF00BF21680C3151E8A3
:10D67000001F21F0100021680C3141E80002002A4F
:10D68000F3D100BF2068006800F0100010280AD114
:10D6900000BF00200090206800680090206840686B
:10D6A000009000BF00BFA18D2046FAF749F902E0C3
:10D6B0002046FAF721FE0020F8BD01E00020FBE73C
:10D6C0000220F9E72DE9F84F04462068006920F4AC
:10D6D0004050E1680843216808612169A068084357
:10D6E00061690843E169084300902068C06849F215
:10D6F0000C618843009908432168C860206840692C
:10D7000020F44070A1690843216848617649206887
:10D71000884203D075492068884203D1F8F784FC19
:10D72000814602E0F8F770FC8146E069B0F5004FF1
:10D730006CD102206168A0FB015003461920A9FBAF
:10D74000007001462A463846F2F708FE6421B0FB15
:10D75000F1F04FEA001A02206168A0FB01510B466C
:10D760001920A9FB00712A463846F2F7F7FD8346D7
:10D7700002206168A0FB015003461920A9FB00713B
:10D780002A463846F2F7EAFD6421B0FBF1F000EBDF
:10D79000C00101EB0010ABEB8000322101EBC000B7
:10D7A0006421B0FBF1F000F0F8000AEB400A02201F
:10D7B0006168A0FB015003461920A9FB00700146D7
:10D7C0002A463846F2F7CAFD834602206168A0FB6C
:10D7D000015003461920A9FB00712A463846F2F78A
:10D7E000BDFD6421B0FBF1F000EBC00101EB0010C6
:10D7F000ABEB8000322101EBC0006421B0FBF1F003
:10D8000000F007005044216888606AE004206168E5
:10D81000A0FB015003461920A9FB007001462A46CF
:10D820003846F2F79BFD824604206168A0FB015058
:10D8300003461920A9FB007001462A463846F2F734
:10D840008DFD6421B0FBF1F000EBC00101EB001095
:10D85000AAEB8000322101EB00106421B0FBF1F053
:10D8600000F0F00A04206168A0FB01700346192053
:10D87000A9FB00513A462846F2F770FD6421B0FB3F
:10D88000F1F00AEB001A04206168A0FB01510B467D
:10D890001920A9FB00712A463846F2F75FFD83463E
:10D8A00004206168A0FB015003461920A9FB007009
:10D8B00001462A463846F2F751FD6421B0FBF1F0EB
:10D8C00000EBC00101EB0010ABEB8000322101EB5B
:10D8D00000106421B0FBF1F000F00F00504421680B
:10D8E0008860BDE8F88F000000100140001401407E
:10D8F00077B581B0044615460298A062A585002040
:10D900006064222084F842002C48E16BC8632C48F4
:10D91000E16B08642B48E16BC8640020E16B08658B
:10D9200002AE32682368191D2B46E06BF6F782FFC2
:10D9300038B110206064202084F84200012004B037
:10D9400070BD00BF00200090206800680090206833
:10D950004068009000BF00BF206970B100BF00BFE9
:10D9600021680C3151E8001F41F4807021680C31AE
:10D9700041E80002002AF3D100BF00BF00BF2168C8
:10D98000143151E8001F41F001002168143141E8D1
:10D990000002002AF3D100BF00BF00BF216814318C
:10D9A00051E8001F41F040002168143141E80002B5
:10D9B000002AF3D100BF0020C1E700003FD40008D7
:10D9C000F3D40008EFD30008014691F84100212864
:10D9D00028D18868B0F5805F0BD1086948B90A6A18
:10D9E0001088C0F308000B685860086A801C086241
:10D9F00005E00B6A581C086218780B685860C88CE0
:10DA0000401E80B2C88458B90868C06820F0800001
:10DA10000B68D8600868C06840F040000B68D860A8
:10DA2000002070470220FCE72DE9F84304460D462C
:10DA300017469846089E31E0701C70B3F7F760F8FF
:10DA4000A0EB0800B04200D816B90320BDE8F88367
:10DA50002068C06800F00400F8B1802D1ED0402D71
:10DA60001CD020680068C0F3C000B0B100BF002027
:10DA7000009020680068009020684068009000BF17
:10DA800000BF2046FFF747FD0820606400BF00206C
:10DA900084F8400000BF0120D8E7FFE72068006855
:10DAA0002840A84201D1012000E00020B842C3D0A4
:10DAB0000020CBE710B50248FAF750F810BD00007F
:10DAC0002CB7002010B50248FAF748F810BD000046
:10DAD00074B7002010B50248FAF740F810BD0000F6
:10DAE000BCB7002010B50E4802F020F884B2002C1C
:10DAF00015DD22460B490A4802F036F80020094994
:10DB000008550A4608A10E4800F066F9054A06A124
:10DB10000B4800F061F921460248F2F773FD10BD91
:10DB2000A0D40020ACD40020554152543120526979
:10DB30006E676275666665723A25730D0A000000AD
:10DB40002CB7002010B50E4801F0F0FF84B2002C75
:10DB500015DD22460B490A4802F006F80020094963
:10DB600008550A4608A10E4800F036F9054A06A1F4
:10DB70000C4800F031F921460248F2F743FD10BD90
:10DB80002CD6002038D600205541525432205269FC
:10DB90006E676275666665723A25730D0A0000004D
:10DBA0002CB7002074B7002010B50E4801F0BEFF5E
:10DBB00084B2002C15DD22460B490A4801F0D4FF3F
:10DBC0000020094908550A4608A10E4800F004F94A
:10DBD000054A06A10C4800F0FFF821460248F2F77A
:10DBE00011FD10BDB8D70020C4D7002055415254B4
:10DBF000342052696E676275666665723A25730DE8
:10DC00000A0000002CB700209CB6002010B509487F
:10DC100001F08CFF84B2002C0BDD2246064905483A
:10DC200001F0A2FF00200449085521460248F2F7FE
:10DC3000E9FC10BD44D9002050D9002010B50E4891
:10DC400001F074FF84B2002C15DD22460B490A480E
:10DC500001F08AFF0020094908550A4608A10E482C
:10DC600000F0BAF8054A06A10C4800F0B5F82146C4
:10DC70000248F2F7C7FC10BDD0DA0020DCDA002041
:10DC800055415254362052696E67627566666572F8
:10DC90003A25730D0A0000002CB70020BCB7002005
:10DCA00010B52FA1334800F097F88022324933484D
:10DCB00001F0ACFF802232492E48F9F708FE3148C6
:10DCC0000068006820F008002E490968086080227A
:10DCD0002D492E4801F09AFF80222D492D48F9F751
:10DCE000F6FD2D480068006820F008002A49096800
:10DCF0000860802229492A4801F088FF80222949AA
:10DD00002948F9F7E4FD29480068006820F0080078
:10DD100026490968086080222549264801F076FFD7
:10DD2000802225492548F9F7D2FD2548006800687A
:10DD300020F0080022490968086080222149224811
:10DD400001F064FF802221492148F9F7C0FD2148F4
:10DD50000068006820F008001E490968086010BDCE
:10DD6000556172745F496E6974202E2E2E2E2E2EF0
:10DD70000D0A00002CB7002020D40020A0D40020E1
:10DD8000A0D30020C4B80020ACD500202CD60020A1
:10DD90002CD5002074B7002024B9002038D70020EB
:10DDA000B8D70020B8D600209CB6002004B80020C8
:10DDB000C4D8002044D9002044D80020E4B6002074
:10DDC00064B8002050DA0020D0DA0020D0D900203A
:10DDD000BCB7002084B900200FB470B5ADF5027D4A
:10DDE000044688A801904FF4007102A8019B879A0D
:10DDF000F2F72CFB054600200190174884421DD104
:10DE0000AAB202A9154801F04CFF15480078E0B904
:10DE10006946124801F012FF064676B1012010490A
:10DE2000087010480460B2B220460099FAF7C5FAAB
:10DE3000B2B20021094801F097FE06E0AAB24FF401
:10DE4000807302A92046FAF759FA28460DF5027D9B
:10DE500070BC5DF814FB00002CB7002094D30020A8
:10DE60007C0200208002002010B54FF4805202494D
:10DE7000024801F0CBFE10BD94C3002094D30020D3
:10DE800000BFFEE710B50023012219460948F5F747
:10DE9000A7FC0023012219460748F5F7A1FC002240
:10DEA00011460448F5F7BFFC002211460248F5F779
:10DEB000BAFC10BD74B700209CB60020704703B4B4
:10DEC00001984100009850EAC12018BF04204A0D73
:10DED00018BF40F0010040F2FF72B2EB515F08BF83
:10DEE00040F00200012808BF052002B07047410041
:10DEF000080218BF04200A0E18BF40F001004FF0BE
:10DF00007F4232EA010108BF40F00200012808BF49
:10DF10000520704702480068C0F3022070470000E7
:10DF20000CED00E010B5002804DB0A07130E054ACB
:10DF3000135406E00A07140E034A00F00F031B1FD8
:10DF4000D45410BD00E400E018ED00E010B54FF02F
:10DF50000E402DED028BB0EE408A18EE104A00EB19
:10DF60004400B0F1506F4AD84FF0FC40B0EB440F82
:10DF700022D2B0EEC80AF7EE000A30EEC00AF6EE82
:10DF8000000A60EE208A18EE900A02F067F801EEAF
:10DF9000100A14F0004F1DBFDFED2D0A9FED2D0A72
:10DFA000B1EE411ADFED2C0A08BF9FED2C0AF8EE06
:10DFB000001A21EE218A05E0DFED290A68EE088AC1
:10DFC000B0EE600A9FED271ADFED271A30EE080A3F
:10DFD00048EE811A9FED251A08EEA11ADFED241AEA
:10DFE00048EE811A9FED231A08EEA11A68EE281A4E
:10DFF000BDEC028B01EE810A30EE200A10BD4FF01D
:10E00000E440B0EB440F0CD918EE100AFFF76FFF95
:10E01000042808BF00F02CFBB0EE480ABDEC028BD0
:10E0200010BD4FF07F40B0EB440F07D2B0EE480A6E
:10E03000BDEC028BBDE8104000F00BBB0120F2F7F5
:10E0400032FBBDEC028BBDE8104000F009BB0000C4
:10E050000000C9BF22AAFDB90000C93F22AAFD39AC
:10E060000000000024FE1C3DC78AD83C1E67383DD6
:10E070001B93993DAFAA2A3E70B54FF068422DED33
:10E08000048BF0EE408A18EE900AB0EE608A18EE2B
:10E09000101A02EB4003B3F1654F3CBF02EB4102A3
:10E0A000B2F1654F7DD200BFC0F3C753C1F3C75271
:10E0B0009A1A1B2A09DD10F0004F14BF9FED830A46
:10E0C0009FED830ABDEC048B70BD12F11A0F36DA96
:10E0D00011F0004F09D010F0004F0CBF9FED7D0AEA
:10E0E0009FED7D0ABDEC048B70BD88EE889A19EE19
:10E0F000100AFFF7FCFE042808BF00F0B9FA18EE7A
:10E10000900AFFF7F4FE054618EE100AFFF7EFFE3F
:10E11000044619EE100AFFF7EAFE042D18BF052D7C
:10E1200008D1042C18BF052C04D1002804BF0220FC
:10E13000F2F7B9FAB0EE490ABDEC048B70BD4200AB
:10E14000B2EB410F3AD910F0004F19BFDFED630A6F
:10E150009FED630ADFED630A9FED630AB0EE481A94
:10E160000A46B1EE688A80F00041F0EE418A10461E
:10E170000A1A5200B2F1807F34D2484010F0004FAA
:10E18000DFED5A1A9FED5A2A1DBFBEEE001A70EE3F
:10E19000E10A30EE420AB6EE001A08BF70EEA10A9C
:10E1A00000E040E008BF30EE020AB0EE682A01EE5F
:10E1B000482A08EE818AC2EE081A15E011F0004FD5
:10E1C00004BF9FED4C0AF0EE400AD1D010F0004F92
:10E1D00019BFDFED490A9FED490ADFED490A9FEDBE
:10E1E000490AC5E7C8EE881A21EEA11A9FED462A12
:10E1F000DFED462A41EE022A9FED452A01EE222A52
:10E20000DFED442A41EE022A9FED432ABDEC048B48
:10E2100001EE222A21EE811A01EE020A30EE210AD5
:10E2200030EE200A70BD4FF07F42B2EB400F28BFA6
:10E23000B2EB410F09D2F0EE480AB0EE680ABDEC2D
:10E24000048BBDE8704000F007BA40EA01035B00B0
:10E2500008BF41F0FF410BD0B2EB400F08BFB2EB5B
:10E26000410F08D120F0804008EE900A21F0804153
:10E2700008EE101A18E7B2EB400F12BF5FEA410335
:10E2800040F0FF4001F000413FF40EAFB2EB410F10
:10E2900012BF5FEA400200F0004041F0FF413FF44E
:10E2A00003AF4A0092EA40033FF5FEAE002AACBF3E
:10E2B0009FED1A0A9FED1A0A68EE808A28EE008AFE
:10E2C00018EE900A18EE101AEEE60000DB0FC9BF38
:10E2D000DB0FC93FDB0F4940DB0F49C00000C9BF5E
:10E2E00022AAFDB90000C93F22AAFD390060ED3E17
:10E2F000C30ACE3700000000000049C022AA7DBA40
:10E300000000494022AA7D3A2DAD65BD8FB8D53DAC
:10E310000FB511BE61C84C3EA8AAAABE0000804F2E
:10E320000000802F10EE101A08B5444A6846B2EB80
:10E33000410F28D94FF0E640B0EB410F94BF0020C9
:10E340004FF0FF3000900098002861DB60EE000A7B
:10E3500010F0010F45D010F0020FDFED391A9FEDDC
:10E36000391A00EEE11ADFED381A40EE811A21EE7B
:10E37000A01AF0EE400A40EE010A08BFF1EE600A72
:10E38000B0EE600A08BD314B21F0004293423CD907
:10E3900011F0004FDFED2E0A20EE201ADFED2D0ADE
:10E3A00019BF31EE601A71EE200A31EE201A71EEBB
:10E3B000600ABDEEE01A11EE100A9FED271A00F078
:10E3C000030000EEC10A9FED251A009000EEC10A7D
:10E3D0009FED231A00EEC10A9FED221A00EEC10A3A
:10E3E000B1E79FED211A9FED210A10F0020F00EE18
:10E3F000810A9FED1F1A00EE801AB7EE000A00EEA8
:10E40000810A18BFB1EE400A08BD00F039F99AE759
:10E4100010EE100A4000B0F17F4F3CBFB7EE000A8B
:10E4200008BD07D14FF00100F2F73DF9BDE8084003
:10E4300000F016B9BDE8084000F00BB9B61F927E97
:10E44000336D4C39DA82083CA0AA2ABE490E4946EF
:10E4500083F9223F0000004B0000C93F00A0FD39B6
:10E460000020A2331A61342CB93AB2BACA9F2A3DAD
:10E47000DDFFFFBE2DED020B019820F00040019062
:10E480009DED000B02B0704700B510EE101A2DED97
:10E49000028B81B0524A6846B2EB410F2ED94FF041
:10E4A000E640B0EB410F94BF00204FF0FF300090EA
:10E4B0000098B0EE408A00286ADB10F0010F4BD0C4
:10E4C00068EE080A9FED471A9FED470A00EE810AA1
:10E4D0009FED461A10F0020F00EE801AB7EE000A08
:10E4E00000EE810A02BF01B0BDEC028B00BD00BF8F
:10E4F00001B0B1EE400ABDEC028B00BD3C4B21F0F7
:10E500000042934241D911F0004FDFED3A0A20EE6C
:10E51000201ADFED390A19BF31EE601A71EE200AB8
:10E5200031EE201A71EE600ABDEEE01A11EE100A0B
:10E530009FED321A00F0030000EEC10A9FED301A81
:10E54000009000EEC10A9FED2F1A00EEC10A9FED68
:10E550002E1A00EEC10AABE728EE080A9FED2B1A2F
:10E56000DFED2B0A10F0020F40EE410A9FED291A51
:10E5700000EE201A61EE000AB0EE480A08EE200A0A
:10E58000B6D101B0BDEC028B00BD00F079F88FE789
:10E5900018EE100A4000B0F17F4F0DD218EE100AAD
:10E5A000FFF7A5FC042808BF00F062F8B0EE480AA7
:10E5B00001B0BDEC028B00BD09D10120F2F773F868
:10E5C00001B0BDEC028B5DF804EB00F049B801B07E
:10E5D000B0EE480ABDEC028B5DF804EB00F039B8F0
:10E5E000B61F927EB93AB2BACA9F2A3DDDFFFFBE7E
:10E5F000490E494683F9223F0000004B0000C93F05
:10E6000000A0FD390020A2331A61342C336D4C393F
:10E61000DA82083CA0AA2ABE10B52DED028BB1EE1D
:10E62000C08A18EE100A20F00040C0F1FF40C00F71
:10E630000AD010EE100A20F00040C0F1FF40C00FD9
:10E6400004BF0120F2F72FF8B0EE480ABDEC028BB0
:10E6500010BD30EE000A704730EE200A704700000F
:10E66000DFED020A80EEA00A704700000000000003
:10E670009FED020A20EE000A704700000000001023
:10E680002DE9F0014FF07F42B2EB410F9FBF4FF0F9
:10E69000FF310160BDE8F00170474FF0004242EAEF
:10E6A0000123C1F3C752783A551112F01F0C434CA5
:10E6B000CCF120067C44C1F3C752A2F178024FEAA4
:10E6C000621204EB820254F8254008BFD2E90156D9
:10E6D00012D0556804FA0CF425FA06F73C43976803
:10E6E00005FA0CF527FA06F8D26807FA0CFCF24096
:10E6F00045EA08054CEA0206A4FB034CA5FB0352BD
:10E70000A6FB03631D449D4234BF01260026131956
:10E71000334416B1934202D903E0934201D201225D
:10E7200000E00022624402F1200C9206DC0C42EA76
:10E73000443200EE102A5B03DFED210AF8EEC01A26
:10E7400000EE103A4FEA9C1C11F0004FB8EE400A60
:10E75000C0F800C020EE201A00EE105ADFED190AB2
:10E76000B8EE400A20EE200A71EE810A70EE800AAF
:10E7700010EE902A02F500626FF30B0200EE902A71
:10E7800070EEE11A31EEC11ADFED101A30EE411AC7
:10E790009FED0D0A20EE800A01EE210A9FED0C1A72
:10E7A00000EE810A04BFBDE8F0017047CCF1805152
:10E7B0000160BDE8F001B1EE400A7047E83F00009B
:10E7C000000000360000802C22AAFD29DB0FC92F93
:10E7D0000000C92F30380A2801D2012070470020DC
:10E7E000704770B50446002007E051F8205052F8F9
:10E7F0002060354044F82050401C5D1E012606EB89
:10E8000055158542F1D870BD30B501F01F050124C2
:10E8100004FA05F33AB14C0950F824401C434D0961
:10E8200040F8254006E04C0950F824409C434D092F
:10E8300040F8254030BD2DE9F04105460E4614460E
:10E84000601E012101EB5010820031462846F1F78D
:10E8500017FE07463846BDE8F0810246480952F8DF
:10E86000203001F01F0023FA00F000F00100704793
:10E8700070B502460B46002400211BE052F821002F
:10E88000B8B152F821004FF0553505EA5005401B4C
:10E8900000F033354FF0333606EA9006A81900EB46
:10E8A000101505F00F3000EB004505EB05252D0E8A
:10E8B0002C44491C581E012505EB50108842DDD818
:10E8C000204670BD70B50446002007E051F8205086
:10E8D00052F82060354344F82050401C5D1E01264C
:10E8E00006EB55158542F1D870BD000030B52DED11
:10E8F000108B95B005460C46B0EE40AA95ED000A87
:10E90000FE48D0ED070A30EE600ADFEDFD0A20EE8A
:10E91000200AB0EE40CA95ED010AD0ED080A30EEAB
:10E92000600ADFEDF70A20EE200AF0EE40CA95ED0E
:10E93000020AD0ED090A30EE600ADFEDF10A20EE9E
:10E94000200AB0EE40DAD4ED000A60EEA00A94EDA1
:10E95000011AD4ED011A41EE210A94ED021AD4ED08
:10E96000021A41EE210AB0EE600AFFF755FEF0EE02
:10E9700040FAF5EEC0FAF1EE10FA03D115B0BDEC95
:10E98000108B30BD94ED000AC0EE2FDA94ED010A31
:10E99000C0EE2FBA94ED020A80EE2FBAD748D0ED20
:10E9A00003AA90ED048AD0ED058A90ED069A90F8BE
:10E9B000280000287ED16DEEAD0A4BEEAB0A4BEE7F
:10E9C0000B0AB0EE600AFFF727FE8DED080A9DEDF9
:10E9D000080ADFEDCC0AB4EEE00AF1EE10FA71DDC0
:10E9E000F0EE4B0AB0EE6B0AFFF746FB8DED070A1F
:10E9F0006BEEAB0A4BEE0B0AB0EE600AFFF70CFEB3
:10EA00008DED010ADDED010AB1EE6D0AFFF734FB71
:10EA10008DED060ADDED070AB6EE001A60EE810AFA
:10EA2000B0EE600AFFF77EFC8DED050ADDED070A0A
:10EA3000B6EE001A60EE810AB0EE600AFFF724FD20
:10EA40008DED040ADDED060AB6EE001A60EE810ACD
:10EA5000B0EE600AFFF766FC8DED030ADDED060AF5
:10EA6000B6EE001A60EE810AB0EE600AFFF70CFD08
:10EA70008DED020A9DED050ADDED030A20EE200A68
:10EA80009E4880ED030A9DED040ADDED030A20EEA9
:10EA9000200A80ED040A9DED050ADDED020A20EE54
:10EAA000200A80ED050A9FED980A80ED060A00F124
:10EAB000180301E007E005E01A1F111F0C3000F0F9
:10EAC0004FFF00BF5AE7B1EE480A20EE0C0A08EEED
:10EAD000EC0AF0EE400A49EE4D0AB6EE000A2AEEC4
:10EAE000001AB0EE6A0A01EE200A8DED140A2AEE31
:10EAF0008C0A09EE6C0AF0EE400A48EE8D0AB6EE7A
:10EB0000000A2AEE001AB0EE480A01EE200A8DED46
:10EB1000130A29EE0C0A0AEEAC0AF0EE400A48EE9F
:10EB20004D0AB6EE000A2AEE001AB0EE680A01EEAF
:10EB3000200A8DED120AB1EE680A20EE0C0A08EEEA
:10EB40002C0AF0EE400A4AEE8D0AB6EE000A2AEED2
:10EB5000001AB0EE490A01EE200A8DED110A28EEE6
:10EB6000090A0AEEE80AF0EE000A20EE200A8DED0E
:10EB7000100A2AEE880A08EE890AF0EE000A20EE52
:10EB8000200A8DED0F0A2AEEAA0A08EE480A08EEBE
:10EB9000E80A09EE090A8DED0E0A9DED0E0A2BEE2C
:10EBA000800ADDED0F0A0BEE600A8DED0D0A9DED7A
:10EBB000100A2BEE000ADDED0E0A0DEEE00A8DEDD7
:10EBC0000C0A9DED0F0A2DEE800ADDED100A0BEE0A
:10EBD000E00A8DED0B0AB6EE000A8DED0A0A9FEDF4
:10EBE0004B0A8DED090A4A48D0ED000A9DED0D0A49
:10EBF00040EE0A0AC0ED000A4648D0ED000A9DED3D
:10EC00000C0A40EE0A0AC0ED000A4348D0ED000AA3
:10EC10009DED0B0A40EE0A0AC0ED000AF7EE009ADD
:10EC20003B4890ED000AB4EEE90AF1EE10FA01DD7E
:10EC3000C0ED009A364890ED000AF1EE690AB4EE94
:10EC4000E00AF1EE10FA03D2B1EE690A80ED000A93
:10EC5000304890ED000AB4EEE90AF1EE10FA01DD59
:10EC6000C0ED009A2B4890ED000AF1EE690AB4EE6F
:10EC7000E00AF1EE10FA03D2B1EE690A80ED000A63
:10EC8000254890ED000AB4EEE90AF1EE10FA01DD34
:10EC9000C0ED009A204890ED000AF1EE690AB4EE4A
:10ECA000E00AF1EE10FA03D2B1EE690A80ED000A33
:10ECB000B0EE4C0ADDED0A0A9DED0D1A00EE810A58
:10ECC000DDED090A124890ED001AB0EE40EA00EEC0
:10ECD00081EAB0EE6C0ADDED0A0A9DED0C1A00EE39
:10ECE000810ADDED090A0B4890ED001AF0EE40EACA
:10ECF00040EE81EAB0EE4D0A10E000005CDD00203D
:10ED000035FA8E3CCDCCCC3D000000000AD7233C28
:10ED100098B200209CB20020A0B20020DDED0A0ACB
:10ED20009DED0B1A00EE810ADDED090A354890EDE4
:10ED3000001AB0EE40FA00EE81FAB1EE480A20EE79
:10ED40000E0A08EEEE0A09EE4F0AF6EE000A2AEE67
:10ED5000201AF0EE6A0A41EE000A2B48C0ED030AC1
:10ED60002AEE8E0A09EE6E0A08EE8F0AF6EE000A07
:10ED70002AEE201AF0EE480A41EE000AC0ED040A1D
:10ED800029EE0E0A0AEEAE0A08EE4F0AF6EE000A67
:10ED90002AEE201AF0EE680A41EE000AC0ED050ADC
:10EDA000B1EE680A20EE0E0A08EE2E0A0AEE8F0A6D
:10EDB000F6EE000A2AEE201AF0EE490A41EE000AA9
:10EDC000C0ED060A00F118031A1F111F0C3000F0E5
:10EDD000C7FD0D4890ED062AF0EE421A90ED052A87
:10EDE000B0EE421A90ED042AF0EE420A90ED032AAA
:10EDF000B0EE420A00F10802011D00F0FDFD00BF67
:10EE0000BCE50000A0B200205CDD002070B52DED57
:10EE1000048B04460D4694ED000AB4EE400AF1EE70
:10EE200010FA7DD194ED000ADFEDA00AB4EEE00AFD
:10EE3000F1EE10FA74DD94ED000ADFED9D0AB4EEF8
:10EE4000E00AF1EE10FA7ED294ED010AB4EE400A27
:10EE5000F1EE10FA77D194ED010ADFED940AB4EEE9
:10EE6000E00AF1EE10FA6EDD94ED010ADFED900A92
:10EE7000B4EEE00AF1EE10FA65D294ED020AB4EEB7
:10EE8000400AF1EE10FA5ED194ED020ADFED870A36
:10EE9000B4EEE00AF1EE10FA55DD94ED020ADFED72
:10EEA000840AB4EEE00AF1EE10FA4CD295ED000AB5
:10EEB000B4EE400AF1EE10FA45D195ED000ADFED0F
:10EEC0007B0AB4EEE00AF1EE10FA3CDD95ED000AA3
:10EED000DFED770AB4EEE00AF1EE10FA33D295EDE9
:10EEE000010AB4EE400AF1EE10FA2CD195ED010AB8
:10EEF000DFED6E0AB4EEE00AF1EE10FA23DD95EDD7
:10EF0000010ADFED6B0AB4EEE00AF1EE10FA1AD254
:10EF100095ED020AB4EE400AF1EE10FA13D100E0CA
:10EF200011E095ED020ADFED610AB4EEE00AF1EEC0
:10EF300010FA08DD95ED020ADFED5D0AB4EEE00A95
:10EF4000F1EE10FA03D30020BDEC048B70BD94EDFC
:10EF5000000A10EE101A084601F078FD41EC190B7A
:10EF6000B0EE490AF0EE690AFFF784FAB0EE408A83
:10EF7000F0EE608A9FED4F0B53EC102B51EC180B09
:10EF800001F044FC37D394ED010A10EE101A084644
:10EF900001F05CFD41EC190BB0EE490AF0EE690A94
:10EFA000FFF768FAB0EE408AF0EE608A9FED410B01
:10EFB00053EC102B51EC180B01F028FC1BD394EDF3
:10EFC000020A10EE101A084601F040FD41EC190B40
:10EFD000B0EE490AF0EE690AFFF74CFAB0EE408A4B
:10EFE000F0EE608A9FED330B53EC102B51EC180BB5
:10EFF00001F00CFC01D20020A6E795ED000A10EE0E
:10F00000101A084601F022FD41EC190BB0EE490A36
:10F01000F0EE690AFFF72EFAB0EE408AF0EE608A51
:10F020009FED260B53EC102B51EC180B01F0EEFB6F
:10F0300037D395ED010A10EE101A084601F006FDCF
:10F0400041EC190BB0EE490AF0EE690AFFF712FA2B
:10F05000B0EE408AF0EE608A9FED180B53EC102B57
:10F0600051EC180B01F0D2FB1BD395ED020A10EE08
:10F07000101A084601F0EAFC41EC190BB0EE490AFF
:10F08000F0EE690AFFF7F6F9B0EE408AF0EE608A1A
:10F090009FED0A0B53EC102B51EC180B01F0B6FB53
:10F0A00001D2002050E701204EE70000CAF249F1EA
:10F0B000CAF249710000000000409F4000000000BB
:10F0C000000030402DE9F0410746134C00250DE0CB
:10F0D000C5EBC503226802EB8300E16988478046DF
:10F0E000424629463846FFF78FFB6D1CA088A84290
:10F0F000EEDC2669A5880AE0301DE1698847804674
:10F10000424629463846FFF77FFB36686D1C002EC5
:10F11000F2D1BDE8F0810000E4B900202DE9F0470C
:10F1200082460D4616461F46DDE908890D4CB9F1A9
:10F13000000F02D0B8F1000F02D10020BDE8F08727
:10F1400034212046F1F780FAC4F800A0A580A6601B
:10F15000A781C4F81890C4F81C80002084F83000FF
:10F160000120EBE7E4B900201CB504460020009024
:10F1700001906846FFF7A6FF2146684600F058F860
:10F180001CBD2DE9F04707460C4615461E46DDF826
:10F19000208031462846FFF760FB00F0FF0931462A
:10F1A0002046FFF75AFB00F0FF0A43464A46514605
:10F1B000384600F0E1FABDE8F0872DE9FC47064645
:10F1C0000F4615461C46DDF828800020009001906F
:10F1D00040212046FFF74CFB08B9BDE8FC874023DF
:10F1E000224629466846FFF7FCFA40222146684637
:10F1F000FFF721FB08B9012000E0002081464023F1
:10F20000224639466846FFF7ECFA40222146684616
:10F21000FFF711FB08B9012000E0002082464346B9
:10F220004A465146304600F0A7FA00BFD5E7000035
:10F230002DE9FE4F074688466C4C94F8300000F0EC
:10F24000010ABAF1000F0ED004F1280B4020029001
:10F250000298401E012202EB501081005846F1F73F
:10F26000F3F900BF00BFBAF1000F49D0002521E03B
:10F2700000200190029005EBC501A06800EB810B16
:10F2800040235A46394601A8FFF7ABFA40225946B7
:10F2900001A8FFF7D0FA08B9012000E00020009093
:10F2A000009830B140235A4604F128010846FFF780
:10F2B00009FB6D1CA089A842DADC66691EE000200B
:10F2C0000190029006F1040B40235A46394601A8EA
:10F2D000FFF787FA4022594601A8FFF7ACFA08B9B0
:10F2E000012000E000200090009830B140235A46F1
:10F2F00004F128010846FFF7E5FA3668002EDED152
:10F30000002518E0BAF1000F06D0294604F12800C4
:10F31000FFF7A3FA00B10DE0CDF80080C5EBC50200
:10F32000216801EB82002B463A4604F12001FFF7E9
:10F3300028FF00BF6D1CA088A842E3DCD4F8109021
:10F34000A58817E0BAF1000F06D0294604F128007D
:10F35000FFF783FA00B10AE02B463A4604F1200198
:10F3600009F10400CDF80080FFF70BFF00BFD9F8CA
:10F3700000906D1CB9F1000FE4D1002512E0CDF82A
:10F38000008005EBC502A16801EB820305EBC50215
:10F3900001EB820101F108003A4604F12001FFF778
:10F3A0000CFF6D1CA089A842E9DC66690AE0331DE8
:10F3B0003A4604F1200106F10C00CDF80080FFF779
:10F3C000FCFE3668002EF2D104F120004FF0400B15
:10F3D0000290ABF10100012101EB5010820039468F
:10F3E0000298F1F7DDF800BFBDE8FE8FE4B9002018
:10F3F000014981F830007047E4B900200246501AF4
:10F40000704700007FB504460D464FF0FF300121E4
:10F4100003AACDE900210290610001232A46034896
:10F42000F5F796FF9DF80C0004B070BDB4B3002052
:10F43000FEB504460D4616461F464FF0FF306100EC
:10F4400001232A46CDE9006702900248F5F780FFC4
:10F45000FEBD0000B4B3002037B584B004460D46AD
:10F460004FF0FF30012106AACDE900210290610092
:10F4700001232A460248F6F7EFF807B030BD000036
:10F48000B4B30020F6F75AFBFDF734FDFAF746FF58
:10F49000FAF7F0FEFBF71AFAFBF722F8FBF7C0F8D1
:10F4A000FBF778F9FBF7B6F9FBF73EF9FAF7FAFF45
:10F4B000FBF728FAFBF75EFAFBF7ECF9FBF73EFAED
:10F4C000FBF772F8FBF792F8FBF728F8FDF7EAFA7A
:10F4D00001E0FDF7F1FAFCE710B5044620880928A1
:10F4E0005AD2DFE800F059050E17202935414D00AA
:10F4F00001212A48F5F7F6FA08B9012010BD0020CD
:10F50000FCE702212548F5F7EDFA08B90120F5E7F7
:10F510000020F3E704212148F5F7E4FA08B90120B7
:10F52000ECE70020EAE708211C48F5F7DBFA08B908
:10F530000120E3E70020E1E7FDF71CF8052803D0F0
:10F54000F4F720FB112801D10120D7E70020D5E7EF
:10F55000FDF710F8072803D0F4F714FB222801D197
:10F560000120CBE70020C9E7FDF704F8082803D005
:10F57000F4F708FB332801D10120BFE70020BDE7E5
:10F58000FCF7F8FF062803D0F4F7FCFA442801D171
:10F590000120B3E70020B1E70020AFE700100240F0
:10F5A00070B505460E462C8836B1012E23D0022EAA
:10F5B00022D0032E40D120E0092C1AD2DFE804F03B
:10F5C0001905090D1115161718000120F3F76CFB2A
:10F5D0000FE00220F3F768FB0BE00320F3F764FB76
:10F5E00007E00420F3F760FB03E002E001E000E045
:10F5F00000BF00BF20E01FE01EE0092C1AD2DFE8A8
:10F6000004F01905090D1115161718000120F3F75C
:10F610004BFB0FE00220F3F747FB0BE00320F3F76F
:10F6200043FB07E00420F3F73FFB03E002E001E0C7
:10F6300000E000BF00BF00BF00BF70BD10B52DEDE2
:10F64000028B0446B0EE408A84ED048A204600F026
:10F6500008F8204600F06CF894ED050ABDEC028B2A
:10F6600010BD90ED030AD0ED040A30EE600A80ED83
:10F67000070A90ED0B0AD0ED070A30EE200A80ED64
:10F680000B0A90ED000AD0ED070A20EE200A80ED6B
:10F690000C0A90ED010AD0ED0B0A20EE200A80ED55
:10F6A0000D0A90ED070AD0ED080A30EE600AD0EDA1
:10F6B000020A20EE200A80ED0E0A90ED0C0AD0ED31
:10F6C0000D0A30EE200AD0ED0E0A30EE200A80ED51
:10F6D000050A90ED070A80ED080A704780ED000AE0
:10F6E000C0ED010A80ED021AC0ED031A80ED062A72
:10F6F000DFED0E2AC0ED0B2ADFED0C2AC0ED082A43
:10F70000DFED0A2AC0ED092ADFED082AC0ED052A3F
:10F71000DFED062AC0ED0C2ADFED042AC0ED0D2A2C
:10F72000DFED022AC0ED0E2A704700000000000045
:10F7300090ED050AD0ED060AB4EEE00AF1EE10FAFB
:10F7400004DD90ED060A80ED050A10E090ED050A53
:10F75000D0ED060AF1EE600AB4EEE00AF1EE10FA1E
:10F7600005D290ED060AB1EE400A80ED050A704719
:10F7700080ED030A704700002DE9F04104468846F9
:10F7800017461E46754DA06908B9BDE8F08147458A
:10F7900005D0A6601FB1A07840F00200A070002F35
:10F7A00064D0A07800F0010068BB3046A168FFF784
:10F7B00025FEA1690988884224DBE08A002811DD42
:10F7C00030462169FFF71AFEA1690989884209DBE1
:10F7D000E07800F0040018B102212046AA699047A1
:10F7E0000020E082E6600020A082A07840F00100C6
:10F7F000A070E07800F0010018B100212046AA694D
:10F8000090476660A7E00FE0A1694989E068084475
:10F81000E060A08A401CA082E07800F0080018B1E7
:10F8200003212046AA699047A0694089002807DD86
:10F830003046E168FFF7E2FDA16949898842E3DAD1
:10F84000E08A0028DEDD30466168FFF7D7FDA16958
:10F85000C98888427FDDE07800F0040018B10221F9
:10F860002046AA6990470020E08274E0A07800F06A
:10F870000100002851D03046A168FFF7BFFDA16903
:10F880004988884267DBA07820F00100A070E0780A
:10F8900000F0020018B101212046AA6990473046C5
:10F8A0006168FFF7ABFDA169898888420CDB3046AF
:10F8B0006168FFF7A3FDA169C988884204DCE08A7A
:10F8C000401CE082266114E0E08A00280FDD30460B
:10F8D0006168FFF793FDA1698988884207DAE078BB
:10F8E00000F0040018B102212046AA6990470020C8
:10F8F000E082E08A00280EDDE08AA16989898842D9
:10F9000009D1E07800F0040018B102212046AA696C
:10F9100090470020E08266601DE0E08A002812DD4A
:10F9200030462169FFF76AFDA1690989884212DB27
:10F93000E07800F0040018B102212046AA6990473F
:10F940000020E08207E0A07800F0020018B1A07863
:10F9500020F00200A07000BF17E70000E4B900200B
:10F960002DE9F0412DED028B07460C4615461E464B
:10F97000D7ED000A60EEA00A94ED001AD4ED001A4B
:10F9800041EE210A95ED001AD5ED001A41EE210A4B
:10F9900096ED001AD6ED001A41EE210AB0EE600A8B
:10F9A000FEF73AFEB0EE408AB5EEC08AF1EE10FAEC
:10F9B0001EDDF7EE000A80EE881AB0EE410AD7EDA0
:10F9C000000A60EE800AC7ED000AD4ED000A60EE7E
:10F9D000800AC4ED000AD5ED000A60EE800AC5ED8C
:10F9E000000AD6ED000A60EE800AC6ED000A00BFEC
:10F9F000BDEC028BBDE8F08170B52DED0E8B82B0B1
:10FA0000B0EE40AAF0EE609AB0EE418AF0EE618A64
:10FA100005460C4616462AEE290A08EE280AF0EE9C
:10FA2000000A20EE200AF0EE40DA29EEA90A08EEDC
:10FA3000080AF7EE000AB0EE001A41EE400AB0EEF6
:10FA400060EAF0EE4E0AB0EE6D0AFEF715FBDFED50
:10FA5000330A20EE200A85ED000A2AEE080A08EE95
:10FA6000E90AF0EE000A20EE200AB0EE409A19EE04
:10FA7000100A00F0EBFF41EC1C0BB0EE4C0AF0EE6C
:10FA80006C0AFEF7F7FCB0EE40BAF0EE60BA9FEDFC
:10FA9000240B53EC102B51EC1B0B00F0B7FE0FD8CE
:10FAA0009FED210A8DED010A19EE100A0246019917
:10FAB00061F31E0201929DED010A84ED000A09E046
:10FAC000B0EE490AFEF742FADFED140A20EE200AF2
:10FAD00084ED000A2AEE280A09EE880AF0EE000AF0
:10FAE00060EE20AA28EE080A08EEA80AF7EE000A3F
:10FAF000B0EE001AB0EE60DA01EE40DAF0EE4D0A38
:10FB0000B0EE6A0AFEF7B8FADFED040A20EE200A2A
:10FB100086ED000A02B0BDEC0E8B70BDE12E654291
:10FB2000000000000000F03F0000B44210B50346A2
:10FB3000184600F00AF920B1012804D0022805D1A6
:10FB400005E0002010BDB3F90800FBE700BFD8882E
:10FB50004208988841088A4201D9501AF2E7B3F95D
:10FB600008008C1A001BEDE72DE9F04104460E4613
:10FB700015462046FFF7DAFF074617B90020BDE813
:10FB8000F081AF4200D2BDB2B4F90800A188A0EB69
:10FB90005100A84210DDA288206800EB52012A46DD
:10FBA0003046F0F7B8FCA08805EB5000A18860F360
:10FBB0004F01A1802846E2E7B4F90800A388A0EB32
:10FBC0005302206800EB53013046F0F7A4FCB4F96F
:10FBD0000830B4F804C0A3EB5C03EA1AB4F90830A7
:10FBE000A3EB5C0398192168F0F795FC2079C043DA
:10FBF000A18860F30001A1802089A188A0EB5100B9
:10FC0000281A60F34F01A1802846B8E710B50024F8
:10FC1000838864F34F035C089BB264F30003838022
:10FC20000024C38864F34F035C089BB264F30003B1
:10FC3000C380016022F00303038110BD70B5044648
:10FC40000E46002030602046FFF770FF05460DB9D4
:10FC5000002070BDA188206800EB51003060B4F92D
:10FC60000800A188A0EB5100A84208D9A08805EBA4
:10FC70005000A18860F34F01A1802846E9E7B4F95C
:10FC80000800A188A0EB51052079C043A18860F34A
:10FC90000001A1800021A08861F34F00A0802846C8
:10FCA000D7E72DE9F04104460F4615462046FFF7F9
:10FCB0003DFF2189081A86B216B90020BDE8F081FF
:10FCC000AE4200DA3546B4F90800E188A0EB5100F5
:10FCD000A84210DDE288216801EB52002A4639462D
:10FCE000F0F719FCE08805EB5000E18860F34F0164
:10FCF000E1802846E2E7B4F90810E388A1EB53025B
:10FD0000216801EB53003946F0F705FCB4F90830DF
:10FD1000B4F806C0A3EB5C03EA1AB4F90830A3EB0D
:10FD20005C03D9192068F0F7F6FBA079C043E1889D
:10FD300060F30001E1802089E188A0EB5100281ADE
:10FD400060F34F01E1802846B8E701468888400803
:10FD5000CA88B0EB520F0BD1087900F001008A7904
:10FD600002F00102904201D1002070470120FCE71F
:10FD70000220FAE770B505460C461646002210210F
:10FD80001048F4F7B7FE032000F02AF9C4F3074047
:10FD900000F026F9C4F3072000F022F9E0B200F0E9
:10FDA0001FF904E0A52000F01BF928706D1C301E1F
:10FDB000A6F101018EB2F5D1012210210148F4F71C
:10FDC00099FE70BD000002402DE9F05F07460D4628
:10FDD00016464FF00008C146C2460024A346FF2045
:10FDE000B5FBF0F100FB115ACAF1FF0496FBF0F0ED
:10FDF00000F0FF08FF2096FBF0F100FB116000F01F
:10FE0000FF09BAF1000F1DD1B8F1000F05D132463C
:10FE10002946384600F06AF85CE006E0FF222946F1
:10FE2000384600F063F8FF35FF37B8F10000A8F15D
:10FE3000010101F0FF08F1D14A462946384600F099
:10FE400055F847E0B8F1000F18D1A14510DDA9EB36
:10FE5000040000F0FF0B22462946384600F046F821
:10FE6000254427445A462946384600F03FF831E0F9
:10FE700032462946384600F039F82BE0301B86B26E
:10FE8000FF2096FBF0F000F0FF08FF2096FBF0F15A
:10FE900000FB116000F0FF0922462946384600F0B9
:10FEA00025F82544274406E0FF222946384600F07D
:10FEB0001DF8FF35FF37B8F10000A8F1010101F08E
:10FEC000FF08F1D1B9F1000F04D04A46294638465F
:10FED00000F00CF8BDE8F09F10B501221021024897
:10FEE000F4F708FE10BD00000000024070B50546A2
:10FEF0000C46164600F0A0F8002210211148F4F735
:10FF0000F9FD022000F06CF8C4F3074000F068F837
:10FF1000C4F3072000F064F8E0B200F061F803E0F9
:10FF2000287800F05DF86D1C301EA6F101018EB23C
:10FF3000F6D1012210210348F4F7DCFD00F060F84F
:10FF400070BD0000000002402DE9F04100240025B2
:10FF500000260027002210210F48F4F7CBFD9F2038
:10FF600000F03EF8A52000F03BF80546A52000F083
:10FF700037F80646A52000F033F807460122102185
:10FF80000548F4F7B7FD280440EA062040EA0704D4
:10FF90002046BDE8F08100000000024010B5044694
:10FFA00000F04AF8002210210C48F4F7A3FD2020AD
:10FFB00000F016F8C4F3074000F012F8C4F307206D
:10FFC00000F00EF8E0B200F00BF801221021034817
:10FFD000F4F790FD00F014F810BD0000000002409E
:10FFE00001B582B04FF47A70012301AA02A90090F2
:10FFF0000248F6F735FD9DF804000EBDDCB4002084
:020000040801F1
:1000000010B50024002210210A48F4F773FD0520E2
:10001000FFF7E6FF00BFA520FFF7E2FF044604F06C
:1000200001000028F7D1012210210248F4F762FDF7
:1000300010BD00000000024010B50022102106484B
:10004000F4F758FD0620FFF7CBFF012210210248EC
:10005000F4F750FD10BD00000000024010B500EEA6
:10006000100A2DED028BB1EEC08A18EE100A20F0B6
:100070000040C0F1FF40C00F0AD010EE100A20F07F
:100080000040C0F1FF40C00F04BF0120F0F70BFBA0
:1000900018EE100ABDEC028B10BD000010B500294F
:1000A0000AD00878002807D005487844F1F72AFBE1
:1000B000002801D0002010BD0248784410BD000087
:1000C00002270000FA26000010B500290AD008789F
:1000D000002807D005487844F1F714FB002801D028
:1000E000002010BD0248784410BD0000F226000038
:1000F000EA26000021F00042A2F16052B2F5801F12
:1001000001F0004328BFD2F17F6C0BD95FEA001CDD
:1001100043EAC20242EB507018BF704728BF20F07C
:1001200001007047B2F5801FBCBF184670474FEA08
:10013000410C1CF5001F02D2084600F0FDBC70B552
:1001400000F010FB00000089FFF7F6BF4FF0004001
:10015000A0F580007047000010B591EA030F48BF7A
:1001600083F0004300F19083841A71EB030C05D2F5
:10017000121943EB0C03001B61EB0C01DFF824E1C7
:100180004FEA1154A4EB135C1EEA430F18BF9EEA1A
:10019000445F73D023EA0E03DCF1200E21EA045100
:1001A00043F4801332D322FA0CFE10EB0E0023FA34
:1001B0000CFE41EB0E01CCF1200E03FA0EFE10EB0B
:1001C0000E0051F10001B1F5801FCCF1200E32D2AA
:1001D00001EB045112FA0EF2BDE8104058BF70470F
:1001E000401C38BF5FEA420218BF7047002814BFA6
:1001F00020F0010041F100014FEA410313F5001F17
:1002000038BF7047A1F1C04100F0FABA012A43EBB0
:100210000302ACF1200CDCF11F0E32BF4FF0000ED8
:1002200023FA0CF310EB030041EB0451B4EB115F24
:10023000D0D0A1EB045101F5801149085FEA3000EC
:1002400001EB04510ED350F1000038BF12FA0EFE3C
:1002500008D1BDE81040C9E7401C38BF5FEA420240
:10026000CAD1C3E7BDE810404FEA410313F5001FB0
:1002700038BF7047A1F1C04100F0C2BA9EEA445FA6
:1002800008D011EA5E0FBDE8104004BF01F0004144
:1002900000207047BDE8104070B500F063FA00BF61
:1002A00064FBBE3E0000E0FF491058BFC1F1404171
:1002B0005B1058BFC3F140438B42EFF3008070479F
:1002C0002DE9C04130B4DFF8A0C23CEA111418BFD8
:1002D0003CEA131400F0EC8081EA03051CEA1114D7
:1002E00044EAD57418BF1CEA131500F0C780A4EBCC
:1002F00005044FF0004545EAC12145EAC32341EA20
:10030000505143EA525304F17F74994204F500348A
:100310004FEAC0204FEAC22208BF904200F09C8002
:100320004FEA13650FF24016765D4FEA134506FB60
:1003300005F7C7F1807706FB07F74FEAD737A7FB2A
:1003400003687642C8F58038A7FB06CE38BFA8F10F
:10035000010807FB08E64FF0000EA6FB028CE6FB47
:1003600003CEDCF1000CCEF1004E38BFAEF1010E31
:10037000A6FB0C584FF000074FF00005E6FB0E8778
:10038000A1FB08C6A0FB07CE16EB0E0645F1000543
:10039000E1FB076515F1E04E7EBFA4F580345FEA0E
:1003A00046066D4116F1800745F100054FEA172713
:1003B0004FEA066647EA0567A6F1DE46B6F1805FBA
:1003C0004FEA15251FD9384624F0010C05EBC471FE
:1003D000BCF1FE6F01EB0C1102D8F0BCBDE800814E
:1003E00024425CBF01F5801E9EEAC47F02D4F0BCAB
:1003F000BDE80081244238D4F0BCA1F1C041BDE881
:10040000004100F0FDB94FEAD22242EA43524FEADE
:10041000D323A7FB02864FEAD02040EA415007FBD6
:1004200003661EEA0E0F4FEAD12105FB026658BF94
:10043000A6EB0056B6EB00564FEA520E4EEAC37ECC
:1004400018EB0E0E56EB530EBDD518EB02085E41AD
:100450007F1C55F10005B6E74FF480154FF00007FB
:100460004FF000064FF00008ADE7F0BC4FF0000081
:1004700001F1C04101F00041BDE8008111EA0C1F0B
:100480000CEA131500D00CE013EA0C1F00F02580D5
:100490004FF00000F0BC81EA030101F00041BDE82B
:1004A0000081F0BCBDE8004181EA030100F0A8B979
:1004B000F0BCBDE8004170B500F054F9097EFC3E87
:1004C00000F007B881EA03014FF0000001F000419D
:1004D000704781EA030100F093B9F0BCBDE8004128
:1004E0004FF0000021497047FFFDFBF9F7F5F4F2EA
:1004F000F0EEEDEBE9E8E6E4E3E1E0DEDDDBDAD8BF
:10050000D7D5D4D3D1D0CFCDCCCBCAC8C7C6C5C41C
:10051000C2C1C0BFBEBDBCBBBAB9B8B7B6B5B4B333
:10052000B2B1B0AFAEADACABAAA9A8A8A7A6A5A41E
:10053000A3A3A2A1A09F9F9E9D9C9C9B9A999998E2
:100540009797969595949393929191908F8F8E8E85
:100550008D8C8C8B8B8A8989888887878685858412
:1005600084838382828181800000FF070000F87FFE
:10057000B0FA80F310FA03F10AD0C3F11D0303F5BA
:1005800080634FEA41504FEA035202EBD12170479A
:100590004FF000007047000051EA030C17D41CF51F
:1005A000801F58BFBCF5801F00F10680994218BF1C
:1005B000704708BF9042704707D711F5801F58BF9A
:1005C00013F5801F19D499427047894270471CF572
:1005D000801F08D5BCF5801FF7D58B4218BF704728
:1005E00008BF824270474FF4001C1CEB410F38BF1C
:1005F0001CEB430F01D28B42704770B500F0B2F88C
:10060000922449004FF000514FF08053FFF74CBE49
:10061000DFF848C170B51CEA111E1EBF1CEA131595
:100620009EEA0C0F95EA0C0F00F06F8081EA03043C
:1006300023EA4C134EEAD47E21EA4C1141F4801196
:1006400043F48013AE44A1FB024CA0FB0365AEF162
:100650007F7E361955EB0C05A1FB034C4CF10003D2
:10066000A0FB021C16EB0C06654153F10003094286
:1006700018BF46F0010613F4007F0BD14FEA033197
:100680004FEA0530340341EA155140EA16506FF045
:1006900003020AE04FEAC3214FEAC520F40241EA0F
:1006A000555140EA56506FF0020202EB2E4201EB28
:1006B000025585EACE710AD05FEA440C18BF24F0D7
:1006C000004450F1000041F1000120EAD47040F2F2
:1006D000FE7C624500D270BDA84214BF4FF080443A
:1006E0004FF04044002E08BF0024BEF1806FA8BF29
:1006F000A1F1C041BDE8704080F282804FF000005F
:1007000001F1C04101F0004170479EEA0C0F0CEA74
:10071000131518BF95EA0C0F06D04FF0000081EAC0
:10072000030E0EF0004170BD00F01CF88900013E80
:1007300000F007B800F009B84FEA430C5FEA5C5CD0
:1007400008D081EA030100F05BB84FEA410C5FEA90
:100750005C5CF6D14FF00000014970470000FF07D4
:100760000000F87F0EF1020E2EF0030E5EF8046B0F
:10077000364205D4012A43EB030515F5001F12D8B4
:10078000012841EB010C1CF5001F0CD80ED14FEADB
:10079000D17C15F5001F0CEB4C0C0CF1020C08BFC2
:1007A0004CEBD37C04E04FF0080C01E04FEAD37C23
:1007B0000CEB4C0526FA05F606F00706B6F1040C1C
:1007C00006D20EEB860CBDE870404CF0010C604781
:1007D000DFE80CF0090B02024FF000414FF000007F
:1007E000A1F5002170BD19461046012851EB010406
:1007F00018BFD4F5001484BF002001F0004170BD83
:100800000808A0F500114FEA3101704753EA010CC6
:1008100017D41CF5801F58BFBCF5801F00F106805F
:100820008B4218BF704708BF8242704707D713F545
:10083000801F58BF11F5801F19D48B4270479B420F
:1008400070471CF5801F08D5BCF5801FF7D599426D
:1008500018BF704708BF904270474FF4001C1CEB54
:10086000430F38BF1CEB410F01D2994270470FB4C0
:100870000CBC03BCFFF7C1BE10B591EA030F48BF23
:1008800083F000433FF570AC841A71EB030C07D280
:1008900012198CF0004C43EB0C03001B61EB0C01B4
:1008A000DFF8A4E14FEA1154A4EB135C1EEA430FF6
:1008B00018BF9EEA445F00F0B08023EA6E03524204
:1008C00021EA0451C3EB6E0338BF5B1EDCF1200E3E
:1008D00025D322FA0CFE10EB0E0043FA0CFE41EB7E
:1008E0000E01CCF1200E03FA0EFE10EB0E0051F1BA
:1008F0000001CCF1200E29D412FA0EF201EB0451C2
:10090000BDE8104058BF7047401C1CBFB2F1004FFB
:10091000704700280CBF491C20F00100704712EB03
:10092000020E43EB030218BF4FF0010E4EEA4202E3
:10093000ACF1200CDCF11E0E54D943FA0CFE10EB86
:100940000E0051F1FF31CCF11E0ED5D50EF1010E86
:1009500012FA0EFE404141EB010101EB445C5FEAFB
:100960005C5C10D910EBDE7001EB045138BFBEF1B6
:10097000004FBDE8104018BF704700280CBF491C4D
:1009800020F00100704730D24FEAD42C11F500114D
:1009900024F400641BD0B1FA81F20B3AA41AA41E0D
:1009A000D2F12003914030FA03F31943904001EB58
:1009B000CC71002C01EB0451BDE81040A8BF70477A
:1009C00001F1C0414FF0000001F000417047B0FA62
:1009D00080F310FA03F100D110BDE41A173C48056A
:1009E000C90AE4E701EB045110BD491001EB0451C1
:1009F000BDE810404FEA300002E04FF000017047C0
:100A00004A0008BF0042F8D0B2F5001F28BF704767
:100A100001F000414FF0000070479EEA445F07D0AC
:100A200011EA5E0FBDE8104004BF002100207047AE
:100A3000BDE8104070B5FFF795FE00BF40DFF63E01
:100A400083F00041104670470000E0FF43004FEA8A
:100A5000D30C4FEA3C0C43401FBF40070CF16051E0
:100A600013F0FE4F70471CF0006F03D100200CF014
:100A7000004170470CF0004343EA507010B540EA63
:100A8000CC0000F00EF800BF000000924FEA000119
:100A9000FFF7B6BE4FF000414FF00000A1F5002176
:100AA00070470EF1020E2EF0030E5EF8044B244246
:100AB00004D44FEA4102B2F17F4F11D84FEA40030C
:100AC000B3F17F4F0CD80ED14FEAD07CB2F17F4FFB
:100AD0000CEB4C0C0CF1020C08BF4CEBD17C04E08D
:100AE0004FF0080C01E04FEAD17C0CEB4C0324FAE8
:100AF00003F404F00704B4F1040C06D20EEB840CEA
:100B0000BDE810404CF0010C6047DFE80CF007082E
:100B100002024FF00040A0F5800010BD08464200E0
:100B200018BFD2F1807288BF00F0004010BD4FF0B6
:100B30004070E1EE100A7047FF2141EAD050C00535
:100B40007047F0F7ECB9F0F721BB0006101600066D
:100B50001016000000000000000001020304060758
:100B6000080900000000010203040000000000006A
:100B70000000002F000000000700070000147F1491
:100B80007F1400242A7F2A1200626408132300368F
:100B90004955225000000503000000001C224100BE
:100BA000000041221C000014083E08140008083E02
:100BB0000808000000A060000008080808080000FD
:100BC00060600000002010080402003E5149453ECC
:100BD0000000427F400000426151494600214145EA
:100BE0004B31001814127F10002745454539003C51
:100BF0004A4949300001710905030036494949361F
:100C000000064949291E000036360000000056360D
:100C100000000008142241000014141414140000F1
:100C20004122140800020151090600324959513E7F
:100C3000007C1211127C007F49494936003E414137
:100C40004122007F4141221C007F49494941007FE8
:100C500009090901003E4149497A007F0808087FD7
:100C60000000417F4100002040413F01007F081407
:100C70002241007F40404040007F020C027F007F05
:100C80000408107F003E4141413E007F09090906EA
:100C9000003E4151215E007F09192946004649491D
:100CA00049310001017F0101003F4040403F001FEA
:100CB0002040201F003F4038403F00631408146369
:100CC00000070870080700615149454300007F4153
:100CD000410000552A552A55000041417F0000047B
:100CE00002010204004040404040000001020400B4
:100CF000002054545478007F484444380038444419
:100D0000442000384444487F0038545454180008A4
:100D10007E0901020018A4A4A47C007F08040478C2
:100D20000000447D4000004080847D00007F10284A
:100D300044000000417F4000007C04180478007CDF
:100D40000804047800384444443800FC242424185F
:100D50000018242418FC007C08040408004854549B
:100D6000542000043F444020003C4040207C001CB4
:100D70002040201C003C4030403C004428102844C7
:100D8000001CA0A0A07C004464544C44141414140F
:100D9000141400000000000000000000000000002B
:100DA0000000000000F800000000000000333000E8
:100DB000000000100C06100C0600000000000000EF
:100DC000000040C07840C0784000043F04043F0465
:100DD0000400007088FC08300000001820FF211E6D
:100DE0000000F008F000E018000000211C031E21A4
:100DF0001E0000F00888700000001E21232419271F
:100E0000211010160E00000000000000000000007D
:100E10000000000000E01804020000000007182095
:100E2000400000020418E000000000402018070005
:100E30000000404080F0804040000202010F0102AB
:100E40000200000000F0000000000101011F01018C
:100E50000100000000000000000080B070000000F1
:100E6000000000000000000000000001010101017D
:100E70000101000000000000000000303000000010
:100E800000000000000080601804006018060100E7
:100E9000000000E010080810E000000F10202010F3
:100EA0000F00001010F8000000000020203F20205C
:100EB00000000070080808887000003028242221F3
:100EC00030000030088888483000001820202011A9
:100ED0000E000000C02010F8000000070424243F8A
:100EE000240000F808888808080000192120201133
:100EF0000E0000E0108888180000000F112020115B
:100F00000E0000380808C83808000000003F000044
:100F100000000070880808887000001C222121222F
:100F20001C0000E010080810E0000000312222112F
:100F30000F00000000C0C0000000000000303000C2
:100F40000000000000800000000000008060000041
:100F5000000000008040201008000001020408107A
:100F60002000404040404040400004040404040489
:100F70000400000810204080000000201008040237
:100F80000100007048080808F00000000030360139
:100F90000000C030C828E810E000071827242314F8
:100FA0000B000000C038E0000000203C23020227B4
:100FB000382008F8888888700000203F2020201101
:100FC0000E00C0300808080838000718202020103C
:100FD000080008F808080810E000203F2020201032
:100FE0000F0008F88888E8081000203F2020232000
:100FF000180008F88888E8081000203F2000030047
:101000000000C03008080838000007182020221E01
:10101000020008F808000008F808203F210101211B
:101020003F20000808F8080800000020203F20208A
:10103000000000000808F8080800C08080807F00D9
:10104000000008F888C028180800203F2001263832
:10105000200008F8080000000000203F2020202089
:10106000300008F8F800F8F80800203F003F003F83
:10107000200008F830C00008F808203F20000718BA
:101080003F00E01008080810E0000F10202020109A
:101090000F0008F808080808F000203F21010101AE
:1010A0000000E01008080810E0000F182424385051
:1010B0004F0008F8888888887000203F2000030CC3
:1010C00030200070880808083800003820212122CC
:1010D0001C00180808F8080818000000203F20002D
:1010E000000008F808000008F808001F2020202051
:1010F0001F000878880000C83808000007380E0173
:101100000000F80800F80008F800033C0700073C5E
:101110000300081868808068180820302C03032C0E
:1011200030200838C800C83808000000203F2000E0
:10113000000010080808C8380800203826212020A0
:101140001800000000FE020202000000007F404084
:101150004000000C30C00000000000000001063814
:10116000C00000020202FE000000004040407F007C
:101170000000000004020202040000000000000061
:10118000000000000000000000008080808080805F
:101190008080000202040000000000000000000047
:1011A000000000008080808000000019242222229C
:1011B0003F2008F8008080000000003F112020112F
:1011C0000E000000008080800000000E1120202012
:1011D0001100000000808088F800000E112020100F
:1011E0003F200000808080800000001F22222222F9
:1011F0001300008080F0888888180020203F20207D
:1012000000000000808080808000006B94949493A4
:10121000600000F8008080808000003F0100000036
:101220003F0000809898000000000020203F202010
:101230000000000000809898000000C08080807F3F
:10124000000008F8000080808000203F24022D303C
:101250002000000808F8000000000020203F2020A7
:1012600000008080808080808000203F20003F2020
:10127000003F8080008080800000203F210000200F
:101280003F200000808080800000001F2020202060
:101290001F00808000808000000080FFA1202011BE
:1012A0000E000000008080808000000E112020A031
:1012B000FF80808080008080800020203F212000EF
:1012C00001000000808080808000003324242424DA
:1012D0001900008080E0808000000000001F2020B6
:1012E00000008080000000808000001F202020106F
:1012F0003F20808080000080808000010E30080642
:10130000010080800080008080800F300C030C3052
:101310000F0000808000808080000020312E0E3180
:101320002000808080000080808080818E70180680
:10133000010000808080808080000021302C2221EC
:10134000300000000000807C020200000000003F2E
:10135000404000000000FF00000000000000FF000F
:1013600000000002027C800000000040403F0000BE
:101370000000000601010202040400000000000059
:1013800000000000F888888888FF88888888F8002E
:10139000000000000000000000000000000000004D
:1013A000000000001F080808087F888888889F8040
:1013B000F00000000000000000000000000000003D
:1013C000000080828282828282E2A2928A86828069
:1013D000800000000000000000000000000000008D
:1013E0000000000000000040807F000000000000BE
:1013F00000000000000000000000000000000000ED
:10140000000000040404040404FC040404040404B0
:1014100000000000000000000000000000000000CC
:101420000000202020202020203F202020202020DD
:10143000200000000000000000000000000000008C
:101440000000008060F80740300FF888888888081E
:101450000800000000000000000000000000000084
:101460000000010000FF00000000FF080808080855
:10147000000000000000000000000000000000006C
:101480000000100C2424A46425262424A42424145D
:101490000C00000000000000000000000000000040
:1014A0000000404048494949497F4949494B484023
:1014B00040000000000000000000000000000000EC
:1014C000000000000000000000000000000000001C
:1014D00038F830000000E0C0C0000000000000004C
:1014E00000000000000000000000000000000000FC
:1014F00000000000000000000000000000000000EC
:1015000000000000000000000000000000000000DB
:1015100000000000000000000000000000000000CB
:1015200000000000000000000000000000000000BB
:1015300000000000000000000000000000000000AB
:101540000000000000000000C0C0C0C2C64E40C085
:10155000E0FF602024333130303000000000000014
:10156000000000000000000000000000000000007B
:10157000000000000000000000000000000000006B
:10158000000000000000000000000000000000005B
:10159000000000000000000000000000000000004B
:1015A000000000000000000000000000000000003B
:1015B000000000000000000000000000000000002B
:1015C000000000000000000080C060301C0E070119
:1015D000C0FF01060C183870E0E0C0C08080808039
:1015E00000000000000000000000000000000000FB
:1015F00000000000000000000000000000000000EB
:1016000000000000000000000000000000000000DA
:1016100000000000000000000000000000000000CA
:1016200000000000000000000000000000000000BA
:1016300000000000000000000000000000000000AA
:10164000000000000404020101000000000000008E
:101650001F1F000000000000000001010101010047
:10166000000000000000000000000000000000007A
:10167000000000000000000000000000000000006A
:10168000000000000000000000000000000000005A
:10169000000000000000000000000000000000004A
:1016A000000000000000000000000000000000003A
:1016B000000000000000000000000000000000002A
:1016C000000000000000000080808080C0C040401A
:1016D000000000808080000000F8F0100000000092
:1016E00000000000000000000000000000000000FA
:1016F00000000000000000000000000000000000EA
:1017000000000000000000000000000000000000D9
:1017100000000000000000000000000000000000C9
:1017200000000000000000000000000000000000B9
:1017300000000000000000000000000000000000A9
:101740000000000021E12121FF1111FE1018F830E6
:1017500000000808FFFF8C8484FFC7C2C2C2C040DB
:101760000000000000000000000000000000000079
:101770000000000000000000000000000000000069
:101780000000000000000000000000000000000059
:101790000000000000000000000000000000000049
:1017A0000000000000000000000000000000000039
:1017B0000000000000000000000000000000000029
:1017C0000000000000FF0016111010110100FF02C0
:1017D000030319F98989C8444404FCFC080000008B
:1017E00000000000000000000000000000000000F9
:1017F00000000000000000000000000000000000E9
:1018000000000000000000000000000000000000D8
:1018100000000000000000000000000000000000C8
:1018200000000000000000000000000000000000B8
:1018300000000000000000000000000000000000A8
:1018400000000000000F02030301010101030F006B
:101850000000003F0804040404043F3F00000000AF
:101860000000000000000000000000000000000078
:101870000000000000000000000000000000000068
:101880000000000000000000000000000000000058
:101890000000000000000000000000000000000048
:1018A0000000000000000000000000000000000038
:1018B0000000000000000000000000000000000028
:1018C000000000FC848484FC001010101010FF1035
:1018D0001000003F1010103F0000010640807F0004
:1018E0000000CAB120102CE7242400F01010FF10D3
:1018F00010F000000101017F211100070202FF0228
:1019000002070000D6D3101010FF90209848280935
:101910000E2848A818000242817F004040424242FF
:101920007E4242424000BFD840504E4848FF48489F
:101930004840F80000FF000000003E0202FF1222B3
:101940001E000F40807F0000D6C608080888780F68
:101950008808E808080808C808001088864144225A
:10196000110C030C102241808000BBD20000FC242B
:101970002424FC252624FC242424040040308F80C9
:10198000844C55252525554C80808000B6C80080A4
:1019900060F807404848E85F484848404000010078
:1019A00000FF0000020B1222D20A06000000B4ABB6
:1019B0000000FC04D4545454D4047F84C53604007D
:1019C0008866010063828292AB8482C10224CF00C8
:1019D000B8D080809E9292929EE0809EB2D2929EDB
:1019E00080000808F4949292F10001F2929494F825
:1019F0000800C6F700FE0222DA0620D808090E0801
:101A00008828180000FF08100807003F444442419E
:101A100040780000CDD300F808FF08F8003EAA6A1D
:101A20003E2AAA3E00002063211F11394829098D52
:101A3000FB09082C5800C2DD008060F807001CE09C
:101A4000010600E01E000000010000FF00804020B1
:101A5000130C132040808000D2C7000404F4949437
:101A6000949F949494F4040400004040407F4A4AB8
:101A70004A4A4A4A4A7F40404000D6B11060028C30
:101A8000004464544D46445464C4040004047E017C
:101A900080403E0000FE00007E80E000C1F70000B4
:101AA000F888888888FF88888888F8000000000007
:101AB0001F080808087F888888889F80F000B5E79D
:101AC0001010D0FF901000FE020202FE0000000085
:101AD000040300FF0083601F0000003F40407800C7
:101AE000BBFA0808080888780F08080808080808DA
:101AF000080020104846414141417F414141414059
:101B00004000D7F308080808C8380F080808080874
:101B10000808080008040201FF41414141414141D8
:101B2000FF000000D3D22030AC633000FC24252617
:101B30002424243C000022672212523807FF097F28
:101B4000093F89FF0000B1E00484E45C44C4000262
:101B5000F2828282FE80800002017F10103F000826
:101B60000808084888403F00C2EB404042CC0004CF
:101B7000F49494FF9494F40400000040201F204843
:101B80004442415F414244484000CBD9048484FC34
:101B9000848400040484E41C840404002060201F66
:101BA000101004020100FF0000010600BBB7C8B816
:101BB0008FE888C820900C030C9020404000081843
:101BC00008FF0404003F4442414040700000C2D678
:101BD0004040407C404040FF444444444440400036
:101BE000809088464040202F10100804020000001A
:101BF000B2BD404042CC00808888FF8888FF88883A
:101C000080000040201F2040504C4340405F404037
:101C10004000BDF81060028C0000FE9292929292F9
:101C2000FE00000004047E01407E42427E427E426D
:101C3000427E4000CEC21060028C00FE92929292D0
:101C40009292FE00000004047E014448507F404010
:101C50007F5048444000CAAA101014D4545454FC75
:101C6000525252D312101000404050575555557FD4
:101C70005555555750404000D6D8000000FC44440C
:101C8000444546444444447C00004020180700FC7E
:101C900044444444444444FC0000C6F400020C8024
:101CA000608040300FC808082818000002027E013A
:101CB000804020180601061820408000B4CE9052C3
:101CC0003410FF10345280708F0808F80800829A90
:101CD000566322528E008040330C33408000CAFD90
:101CE000001715D55557557D555755D51517000073
:101CF0004040407F555555555555557F4040400013
:101D0000D6C300001011161010F01010141310009C
:101D100000008181414121110D030D1121414181BB
:101D20008100B9D840404242424242FE42424242D1
:101D300042404000000000000040807F00000000A2
:101D400000000000D3DA1010FF101020A4ACB5A6DC
:101D5000B4ACA420200010301F0888804F3A0A0A33
:101D60007A8A8F80E000BEB3004042445840C0FFF2
:101D7000C04050484640000020201008040300FFE7
:101D80000003040810202000C3D7F212FE12FE1236
:101D9000F248487F48487F484800FF4A4948494937
:101DA000FF00FF49494949FF0000B4D71010D0FF98
:101DB000901000FC24E4242223E20000040300FF2E
:101DC0000083601F8041261826418000B0E5008016
:101DD00060F80740300FF8888888880808000100FC
:101DE00000FF00000000FF08080808080000D7F7FF
:101DF000202024242424BF642434282422202000EA
:101E000010080402FF494949494949FF0000000000
:101E1000D5DF807000FF1008FE424242FA42424283
:101E2000FE00806018070810FF50484641424C40B1
:101E3000FF00D1CC02E22222222222FE22222222F2
:101E400022E2020000FF00000912007F0009124098
:101E5000807F0000D3EA404424147F94240024149B
:101E60007F142444400000808884424529111109D0
:101E7000050300000000C3CE404020504CC340404A
:101E800040434C502040400000000000030202424A
:101E900082423E0000000000D9E2040444C44F44E2
:101EA00044C424242FB42404040040442424150CE6
:101EB00004FE040C152424444000B2CB0000F84971
:101EC0004A4C48F8484C4A49F800000010101312D8
:101ED000121212FF1212121213101000B5A51010D8
:101EE000D0FF901000FE129292F292921200040320
:101EF00000FF0003007F4848484F48484800BFF2B1
:101F0000008444340F44847C007C4444447C0000BE
:101F100044442424140C04FF040C142424444400DA
:101F2000BCDC00FC848484FC001010101010FF1036
:101F30001000003F1010103F0000010640807F009D
:101F40000000CAB100F8010600F0121212F20202FB
:101F500002FE000000FF0000001F1111111F0040D1
:101F6000807F0000BCE4000000FE828282828282C8
:101F700082FE00000000000000FF40404040404062
:101F800040FF00000000C8D50004FF242424FF0403
:101F900000FE222222FE000088482F090919AF48BE
:101FA000300F0242827F0000C6DA004044444444BD
:101FB000C4FCC242424342400000202010080403F7
:101FC00000FF0003040810202000BACC000000101D
:101FD00060020C0000FF000000000000000202028E
:101FE0000202020201FF010101010100B6B700C0B7
:101FF000301F1010F00000FF2040800000008140E2
:1020000021120C03000000FF000000030000CDE2DD
:10201000404042CC0040A09E8282829EA0202000B0
:102020000000003F908840432C10284641808000EB
:10203000C9E81060028C00FE02F202FE00F800FF08
:10204000000004047E018047300F10270047807F86
:102050000000B2E2404042CC009090909090FF107F
:10206000111610000000003F1028603F1010010EF4
:102070003040F000CAD48060F80700847C2424E457
:1020800000F800FF00000000FF00844321120C0351
:10209000004F807F0000C0FD2424A4FE2322003EC8
:1020A00022222222223E0000080601FF01064049AA
:1020B00049497F4949494100B3CC000000FC4444F0
:1020C000444546444444447C00004020180700FC3A
:1020D00044444444444444FC0000C6F44044C444E2
:1020E0004444401010FF101010F00000103C13107A
:1020F00014B840300E014080403F0000B6AF829AD5
:102100009693FA5252807E121212F11110000001C1
:1021100000FE93929392929292FE03000000D4DD0F
:102120008060F80700047454555654547404000039
:102130000000FF0003010545857D0505050103003D
:10214000CDA300083000FF20202020FF2020222CDB
:10215000200004040201FF8040300E0106182040D8
:102160008000D7B4000484844424548F142444840D
:1021700084040000413900003C4040424C40407023
:1021800004093100CCACC8B88FE88888404848E8DA
:102190005F4848484000081808FF040400020B127A
:1021A00022D20A060000D7AA0000FE222222222202
:1021B00022222222FE0000000000FF424242424250
:1021C00042424242FF000000C4BF1010D0FF9010F6
:1021D00020222222E22222222000040300FF0013F8
:1021E0000C0340807F0001061800B1EA008060F80F
:1021F0000704E4A4A4BFA4A4E4040000010000FFB9
:1022000040407F4A4A4A4A4A7F404000D6B50000D3
:1022100000000000000000000000000000000000BE
:1022200000000000000000000000000000000000AE
:10223000000000000000000000000000000000009E
:10224000000000000000000000000000000000008E
:10225000000000000000000000000000000000007E
:10226000000000000000000000000000000000006E
:10227000000000000000000000000000000000005E
:10228000000000000000000000000000000000004E
:10229000000000000000000000000000000000003E
:1022A000000000000000000000000000000000002E
:1022B000000000000000000000000000000000001E
:1022C000000000000000000000000000000000000E
:1022D00000000000000000000000000000000000FE
:1022E00000000000000000000000000000000000EE
:1022F00000000000000000000000000000000000DE
:1023000000000000000000000000000000000000CD
:1023100000000000000000000000000000000000BD
:1023200000000000000000000000000000000000AD
:10233000000000000000000000000000000000009D
:10234000000000000000000000000000000000008D
:10235000000000000000000000000000000000007D
:10236000000000000000000000000000000000006D
:10237000000000000000000000000000000000005D
:10238000000000000000000000000000000000004D
:10239000000000000000000000000000000000003D
:1023A000000000000000000000000000000000002D
:1023B000000000000000000000000000000000001D
:1023C000000000000000000000000000000000000D
:1023D00000000000000000000000000000000000FD
:1023E00000000000000000000000000000000000ED
:1023F00000000000000000000000000000000000DD
:1024000000000000000000000000000000000000CC
:1024100000000000000000000000000000000000BC
:1024200000000000000000000000000000000000AC
:10243000000000000000000000000000000000009C
:10244000000000000000000000000000000000008C
:10245000000000000000000000000000000000007C
:10246000000000000000000000000000000000006C
:10247000000000000000000000000000000000005C
:10248000000000000000000000000000000000004C
:10249000000000000000000000000000000000003C
:1024A000000000000000000000000000000000002C
:1024B000000000000000000000000000000000001C
:1024C000000000000000000000000000000000000C
:1024D00000000000000000000000000000000000FC
:1024E00000000000000000000000000000000000EC
:1024F00000000000000000000000000000000000DC
:1025000000000000000000000000000000000000CB
:1025100000000000000000000000000000000000BB
:1025200000000000000000000000000000000000AB
:10253000000000000000000000000000000000009B
:10254000000000000000000000000000000000008B
:10255000000000000000000000000000000000007B
:10256000000000000000000000000000000000006B
:10257000000000000000000000000000000000005B
:10258000000000000000000000000000000000004B
:10259000000000000000000000000000000000003B
:1025A000000000000000000000000000000000002B
:1025B000000000000000000000000000000000001B
:1025C000000000000000000000000000000000000B
:1025D00000000000000000000000000000000000FB
:1025E00000000000000000000000000000000000EB
:1025F00000000000000000000000000000000000DB
:102600000000000000000000000000006400000066
:1026100018FCFFFFE80300006400000018FCFFFF47
:10262000E803000032000000CDCCCC3DCDCCCC3D49
:10263000CDCCCC3D32000000CDCCCC3DCDCCCC3D82
:10264000CDCCCC3D640000006400000014001400F8
:102650003200F401C800C8000500000000000000BE
:1026600000000000303132333435363738394142DA
:1026700043444546403058003031323334353637E4
:102680003839616263646566403078000400000890
:102690000000000000000002000100001000000027
:1026A000000000006E83F9A22915444ED15727FC83
:1026B000C0DD34F5999562DB4190433CAB6351FE3C
:1026C00030313233343536373839616263646566A8
:1026D000787000303132333435363738394142433F
:1026E000444546585000000002400000000000A091
:1026F0000000000005400000000000C800000000CD
:102700000C4000000000409C000000001940000048
:102710000020BCBE0000000034400000BFC91B8E7A
:1027200000000004B5400000504BCFD06607E2CF58
:10273000010000006C4100003E8251AADFEEA73488
:1027400001000000D9420000DCB5A0E23A301F973A
:10275000FFFFFFFFB4450000FD25A0C8E9A3C14F5E
:10276000FFFFFFFFFF3F00000000008000000000AF
:10277000FF3F00000000008000000000D4DDCDA37A
:1027800000000000C6F4B6AF00000000D828010821
:1027900000000020B4B30000C4010008D0330108D9
:1027A000B4B30020AC4D0000280200081C0000005B
:1027B00043000000F8FFFFFF0C0000000E000000C7
:1027C0000F0000002E000000100100004300000078
:1027D000F8FFFFFF00404040404040404040414142
:1027E00041414140404040404040404040404040E6
:1027F0004040404040050202020202020202020280
:10280000020202020220202020202020202020027C
:10281000020202020202909090909090101010100C
:1028200010101010101010101010101010101010A8
:10283000020202020202888888888888080808083C
:102840000808080808080808080808080808080808
:102850000202020240000000000000000000000030
:102860000000000000000000000000000000000068
:102870000000000000000000000000000000000058
:102880000000000000000000000000000000000048
:102890000000000000000000000000000000000038
:1028A0000000000000000000000000000000000028
:1028B0000000000000000000000000000000000018
:1028C0000000000000000000000000000000000008
:1028D000000000000000000012000112100422019C
:1028E0000900292124F400AED580A81FD300408D13
:1028F00014A0C0DA008180D91FDB40A4AF2000B053
:102900000010686800AC33001B1C1E0001021D642F
:102910001001123410067C2701088404210C1006D3
:10292000D0BA0020E40412F80810060CBB002020E6
:1029300004123404124804125C0412700412840459
:1029400012981C100604BC00201C04123404124C03
:102950000412BC0412E014100604BD00205004123E
:10296000640412A00412CC101308BE2811041270C3
:102970000412940412E00412F4141308BF3C11046E
:1029800012780412A40412D0101324C040110412AF
:102990007C0412A80412FC10100628C10020540464
:1029A00012900412B40C1300C22811041260041215
:1029B0007404128804129C0412B00412C40412D8C5
:1029C0000412EC24100600C300201404156A341FFE
:1029D0004201000200030004000500060007000891
:1029E0000009000A000B000C000D000E000F8E35D0
:1029F0009006120F580006194C260108021C0219F5
:102A0000031C0219041C0219051C0219061C0219D8
:102A1000071C021908C4B5F902FFFF0101FF0101FB
:102A2000FF0101FF0101FF0101FF0101FF0101FFA2
:102A30000101B3010005FF7F7F7FFF0101FF01015D
:102A4000FF0101F401627F0102FFFF0101F10115A5
:102A5000FE523F0109750262FE0102FFFF0105728D
:102A6000FF15FE221F0109760175FF09FF0105719F
:102A7000FE25FC720F011905096D021004FEFEFC13
:102A80000122F801210909FF03056EFF25FE430716
:102A900087011B070702096C0125FF15FB32F901AD
:102AA000390309FF01097101190311014D00040DDA
:102AB0006D01043D000452F8010DFF01040D710089
:102AC000042DFF0310048383C3010E718301046D81
:102AD000FF030C05FFFBFBF3F301040970002DFF5E
:102AE000051A070025FF3901096D004DFF05140483
:102AF000F9F9F3FF19013D030409FF00056AFF30EE
:102B0000090F0783C3C1E1E0F001080967E1E1C1F2
:102B10008303070F1F011EFEFA058004F0F3F7116F
:102B20001804F3F1F00202FFFF010D66FF052DFE10
:102B300003290141011C04C1C383030A0F6A1F3F1B
:102B4000FF051DFE0389010FFFF3F101040D6C0069
:102B5000047C050F070383FF031D010408046AC1F9
:102B6000C103011D0004AFF0F100041C04F7F3F0F1
:102B7000030609EF010D757F152DFF033603FF4D89
:102B8000810B1C06F0F0E0C18101060967003DFFE2
:102B9000058FE7EF00062FEFE3010609F600096E47
:102BA000012F7F1FFF0375FF1901096F00B804F0A3
:102BB000F0E3000AF2E7000A797F00CA81000A7197
:102BC000E00099111C04EFE7E1010609ED006D81B9
:102BD00019096F012DFF075C0581C0E0F07C154DE0
:102BE00001042D010C0D67FF071D740C9BE3CF0042
:102BF0001004CFC7E38F0DEC010C8D7F1B0D6E7F92
:102C00001919001E01FF034D7A1739021C04F0F058
:102C1000C001080967001D71048C05C3C7CF9F0060
:102C2000080804F5DFCFC3000A711F012C053F0F10
:102C30000301FF033D77154D8A170B6FF0E0008A03
:102C40008F001C05BF9F8FC78F0A0DF70004097BFB
:102C5000000A77FC008ABF000AEFCF000D79801FC1
:102C60003D00043DFF054D831F2D0106096F001532
:102C7000FF99000804F18FC7C10035FF4D81210D78
:102C80006B00043A070065FF4900080567800107EB
:102C90000F007C05E0C0C38F731C150A0804EF1FEA
:102CA0008F87006DFF0339010D6B0106E9000A7182
:102CB000FE000A8683000E7AFE82231D84236901AA
:102CC0000971005D741F3D010419000E66030004C4
:102CD0002AFF002D711C867F0B08046E8781C000BF
:102CE0004DFC0A4D06030977000D7E000445060FD2
:102CF0007DF8F800040E720F00040D7A80285DFF45
:102D0000074D7D270D7000048F00E000042D0104A5
:102D10000F6DF8F00004AE87000429010D6F000468
:102D20005DFE034D01040979000D730006BE00002D
:102D3000060E70FE0006E9000E73070006097B0010
:102D40000EFF1F00040D7D00046DFF140972014980
:102D5000000E730F00063E7F00068D71216D000688
:102D60000E691F000A0A8503000D767E2A8DFF0773
:102D70000D717E2B4900DAFE000A6907000F7F8083
:102D80000300069EFE803009ED002E0F0008D900DA
:102D90000A7700002D89360C07711F0780C0E0FC00
:102DA00082306D7F2E09FA000A7CFF000AFFFF00C7
:102DB0000985000E763F00043E3F00040B75F0FECF
:102DC000000AFFF8000D7D000649000AFFE0000937
:102DD00079000EF1E000040AF8F8000AFF0100098A
:102DE0007D000B79FF7F000C05111F03018000049B
:102DF0000E69FF0006CE0100062E0F00080D6EFFC3
:102E00000D0D7B00040E907F000409FF000D7482FD
:102E1000410E841F00040D68FF19B806FFFCE08016
:102E200000000C046F1F0F0300040D7C000C0E79D2
:102E3000FF00160D9000060E711F0006097F000DA1
:102E40007B00049E0000180DFF00040D7700060DA6
:102E50007400201804FF1F07000A7AF8006C05C0F0
:102E600000071FF932097F000A78FC006E1FFF1D62
:102E70000D6B7E47CA7F002D00200E69C0FF217CAC
:102E800007FFFFF0C08007F6285D00080C0474E01F
:102E9000F8FF001A0E73F87E46CD00040D6D013068
:102EA0000910000DFC00040977000E711FFF232D8F
:102EB000011E0D8900040EFA7F00040B881F1F00FD
:102EC0000AF51F000D757E4C0E777F0030ED010670
:102ED0006D00200D69004679014E7F88560E6F1FE8
:102EE000000E4D01220E7BFC7E4EBD83550D6D0400
:102EF000461D04147D03303D022A0E69C001242DB5
:102F0000030A2FE08073464D04411D8E540F6D0F50
:102F1000830122BD04280D767F500D77043E3D06C7
:102F2000263A81026EFE0332096C011D050C5E819A
:102F3000040409780169020DFC84584C061F07C37C
:102F4000F1F90A4008046CF9F1C3063D10461FF080
:102F5000E30F3C2C059F1F1F9F093E0EEFF0094E0B
:102F60000D79885F1D0B487FF1F80840076EF181ED
:102F7000FD4C06FCF0C0878F05414D06340E77F8F6
:102F80008B5E02FBFF011C090F87E3F1F9F9FDFDE0
:102F900095530E68C30A4C9D14341006E1C7CFCF79
:102FA0009F011D0C460EFFF00B520D7315504FC7BD
:102FB000F3905B0B72F3E7011EFE134C0C0AFFCF7C
:102FC000CFDFDFCFCFE7E3F00C520D7206084B0FD7
:102FD000E7010F70F3E303084D06081AEF011ACF5B
:102FE000010004FFF0F8FF010972021005C7E7F3C2
:102FF000FB011D01040972011805FFF8F1E7021930
:10300000000EFFE702060D76195C1804CFE7F70300
:10301000080473F7E7CF011007FFFCF9F7E7EF01AA
:103020000BFFF7F1010D750304080974EFF7F7F3CF
:10303000F3F7F7EF003805FFF8F3F7000EFFF302A0
:10304000060975002D01040979003FFCF30104090C
:10305000FF000D50DA058DF473B107310F32BF0355
:1030600031082D020611010F4AE7CF0E2EEC05F6AE
:10307000FFFFF2052472FB057D065C3D02061AFB8C
:103080007D1D85040F7CFBFCA04701F6010A521F41
:10309000000D177649E6FEFF29001D01040C04FF10
:1030A000F7F7F901080D3EDB77BDE6039D6D573E4E
:1030B000BF761FB11B2113523F16169F7D1D0104C1
:1030C0002D010A040540BFFF7FF7E976F3DC0D1000
:1030D00001048FF7FCFB033FFDE713042D18625D2D
:1030E00000044EF73B0401FF010D36E1197D5E5CE3
:1030F0002DD805210341085EBFF305777FBFFA5A3B
:10310000BF1021263ACF012D010A0B3BAF7700A655
:10311000F0EA52F01082F01916F8E083F7F82C5C10
:1031200004B9E3FD01069AF70003FFFDFF01093C26
:10313000014E07E00725E95D725316BFFA2D06041C
:103140007BBFBF00391FE9000C043B8F7777000479
:1031500066F0DB1EF5E363EDDF312804F0FFFC00D1
:103160004AFB1825EBDBB9E700211609FF000942ED
:103170000066FFE98D01045D0504D9008E7F00041F
:103180000A499F009EF10104CD0504690029972C8E
:1031900004BDE7F91E5E0AFFF9000D48CF113D5E40
:1031A000216E0FE10B5B3FBF00190925F22D0704CB
:1031B0004D1B0C5EBF020C29258ADF000E3C7F00F0
:1031C0000479013FFBF5040C0D1301067AFC178806
:1031D00005FCC3FBFE000AFFFD000D4A01065D0170
:1031E00004110835FC277FBFF22106111719067953
:1031F000001DF309095100AD01067D16086EF701A7
:10320000085EF401086900BAF30003FFF9FF010D3D
:103210003E626A8D01063D010425F535F94AFF003D
:1032200041127D170ABE9F00040E43EFF2338FFB5D
:10323000F701067EF40106AC04FCF7F7010A2C0442
:10324000FED3F38F269BF9FB000EFFF700040D3C25
:10325000D61F8D01063DE309096E007D01060E10A3
:10326000F7020C39000A10F7004AFD000AFFF900C6
:103270000D4C0106C9009EFFF9030D1400040A4B12
:10328000DF000A13F5004AF3000A17FE000AFFF7F1
:10329000000955000AFFBF0001E3010934000E5088
:1032A000FF00060923000AFF93000D5403140A9D32
:1032B0000F000AFFFC0009FC000AFFF00009910062
:1032C0000AFFDF0001C10109FF0001FD0109FF0044
:1032D00001FD0109FF0001FD0109FF0001FD0109D8
:1032E000FF0001FD0109FF0001FD010A390F000A7D
:1032F000FF7F0001C00109FF0001FD0109FF00017E
:10330000FD013D001C5E3F001C3C047FFF3F01248B
:103310002D0C1C3D101C427F07623F072D90461D5F
:10332000083E2D02321FE7EF0F8A08073F8F2777ED
:1033300077E7EF00E80AFEF0FFF1F0F6F6F0F000B4
:1033400017F8F0E11EF00E864D202C1C04BC81E124
:103350000A183FFEF800241EF30F8811090E9EF68E
:103360000B3C1DF0B10006419A99593F00013E9077
:10337000C9B282C04C1004C079C404021444148D34
:103380007CB25C0665A200080188B25C066D3C0058
:10339000080AACB08325B40C83F3AC0C83BDDE18F3
:1033A0006C05F9200008F0B283813B0C500679C708
:1033B0000008F45583E5DA3C8345DB4892A90C8389
:1033C0000DDC24923D0C840749D0000820031E0028
:040000050800018965
:00000001FF
